text,label
makanannya enak porsinya banyak tempatnya bersih pelayanan cepat,1
asyiknya produknya nyaman semoga makin sukses,1
barang tidak sesuai gambar kualitas buruk pengiriman lama sekali,0
produk original sesuai gambar awet dan nyaman dipakai sehari hari,1
masalahnya filmnya menyebalkan pengirimannya tidak ramah tidak rekomen,0
tempatnya recommended respon sellernya nyaman tidak menyesal beli,1
tempatnya lemot packingnya berantakan tidak sesuai harapan,0
filmnya seru alur cerita menarik akting pemainnya memukau,1
sayangnya respon sellernya parah sangat mengecewakan,0
sayang sekali produknya mengecewakan rugi besar,0
sayang sekali respon sellernya kasar barangnya tidak ramah buang buang uang,0
barang cepat sampai kualitas oke banget bakal order lagi nanti,1
masalahnya desainnya menyebalkan menyesal sekali,0
filmnya memuaskan aplikasinya bagus banget tidak menyesal beli,1
parahnya fiturnya lambat filmnya hambar kapok beli di sini,0
hotelnya bersih staf ramah lokasi strategis pemandangan indah,1
masalahnya makanannya tidak sesuai fiturnya menyebalkan jangan beli,0
saya sangat puas dengan produk ini kualitasnya melebihi harga,1
aplikasi berat sering force close data hilang sangat menyebalkan,0
alhamdulillah rasanya ramah tempatnya luar biasa mantap jiwa,1
barang sesuai deskripsi pengiriman cepat seller ramah recommended,1
kecewa karena rasanya buruk jangan beli,0
masalahnya fiturnya mahal tidak sebanding pelayanannya hambar,0
kecewa karena fiturnya menyebalkan produknya mengecewakan sangat kecewa,0
sayang sekali pelayanannya membosankan jangan beli,0
produk datang dalam keadaan rusak seller tidak mau bertanggung jawab,0
sayangnya barangnya parah zonk,0
untungnya filmnya joss recommended seller,1
tempat makan kotor pelayan tidak ramah harga tidak masuk akal,0
makanannya recommended pengirimannya luar biasa bakal beli lagi,1
filmnya membosankan alur berantakan akting kaku buang buang waktu,0
respon penjual ramah cepat tanggap proses order lancar sekali,1
asyiknya kualitasnya enak sekali makanannya worth it puas banget,1
masalahnya tempatnya tidak ramah respon sellernya kasar jangan beli,0
tempat makannya cozy harganya ramah di kantong rasanya juara,1
parahnya kualitasnya lemot rasanya mengecewakan rugi besar,0
senang sekali makanannya enak sekali respon sellernya melebihi harapan lanjutkan,1
rasanya tidak ramah fiturnya buruk menyesal sekali,0
filmnya jelek banget kapok beli di sini,0
saya kecewa berat produk palsu tidak sesuai deskripsi sama sekali,0
puas karena aplikasinya oke punya filmnya worth it sangat direkomendasikan,1
mantapnya pelayanannya oke punya produknya recommended the best,1
puas karena packingnya enak sekali pengirimannya rapi semoga makin sukses,1
untungnya produknya mantap barangnya cepat,1
asyiknya rasanya worth it fiturnya oke punya bakal beli lagi,1
filmnya rapi puas banget,1
aplikasinya sering error lemot dan boros baterai sangat mengganggu,0
masalahnya packingnya lama banget bikin kesal,0
puas karena pelayanannya oke punya pokoknya puas,1
pengiriman molor seminggu packing asal asalan barang penyok,0
produknya sangat membantu harganya rapi akan langganan,1
pelayanan toko sangat profesional dan memuaskan tidak mengecewakan,1
untungnya packingnya luar biasa sangat direkomendasikan,1
asyiknya pengirimannya joss tidak menyesal beli,1
kecewa karena harganya tidak original pelayanan perlu diperbaiki,0
kualitasnya rapi semoga makin sukses,1
puas karena pelayanannya bagus banget fiturnya worth it suka sekali,1
buruknya makanannya berantakan tempatnya murahan buang buang uang,0
parahnya fiturnya lambat rugi besar,0
pengirimannya ramah mantap jiwa,1
buruknya pengirimannya error terus menyesal sekali,0
parahnya filmnya parah zonk,0
barangnya cepat desainnya bagus banget bakal beli lagi,1
pelayanannya memuaskan puas banget,1
kursusnya membingungkan materi tidak lengkap pengajar tidak jelas,0
untungnya respon sellernya sesuai ekspektasi pokoknya puas,1
barang cacat tidak bisa dipakai minta tukar malah dipersulit,0
hotel kotor kamar bau ac rusak staf cuek pelayanan mengecewakan,0
pengiriman salah alamat customer service tidak responsif parah,0
makanannya hambar porsi sedikit harga mahal pelayanan lambat,0
untungnya kualitasnya rapi harganya enak sekali semoga makin sukses,1
kecewa karena produknya lambat sangat mengecewakan,0
sayangnya filmnya tidak sesuai jangan beli,0
pengiriman super cepat packing aman barang mulus tanpa cacat,1
masalahnya harganya tidak sesuai tempatnya menyebalkan sangat kecewa,0
pengirimannya worth it packingnya joss recommended seller,1
sayangnya tempatnya mengecewakan jangan beli,0
alhamdulillah makanannya keren bakal beli lagi,1
kursusnya jelas materinya lengkap pengajarnya sabar sangat membantu,1
parahnya rasanya lama banget harganya jelek banget pelayanan perlu diperbaiki,0
alhamdulillah fiturnya keren akan langganan,1
kecewa karena respon sellernya error terus rugi besar,0
kualitas produk sangat bagus harga terjangkau pelayanan memuaskan,1
alhamdulillah aplikasinya luar biasa makanannya enak sekali sangat direkomendasikan,1
asyiknya makanannya bagus banget recommended seller,1
kecewa karena rasanya cacat minta refund,0
buruknya barangnya mengecewakan harganya cacat minta refund,0
parahnya respon sellernya kasar tempatnya hambar tidak sesuai harapan,0
kecewa karena pengirimannya lama banget tidak akan kembali lagi,0
parahnya fiturnya kasar minta refund,0
untungnya rasanya sangat membantu sangat direkomendasikan,1
mantapnya filmnya mantap akan langganan,1
sayang sekali harganya parah kualitasnya lambat pelayanan perlu diperbaiki,0
alhamdulillah pelayanannya enak sekali rasanya sangat membantu five stars,1
asyiknya makanannya oke punya bakal beli lagi,1
senang sekali kualitasnya enak sekali desainnya worth it five stars,1
asyiknya rasanya top markotop pelayanannya memuaskan terima kasih banyak,1
senang sekali barangnya sangat membantu,1
produk tidak awet baru sebentar sudah rusak kualitas murahan,0
mantapnya fiturnya berkualitas pengirimannya bagus banget the best,1
sayang sekali kualitasnya kasar pengirimannya murahan sangat mengecewakan,0
untungnya packingnya luar biasa recommended seller,1
alhamdulillah makanannya nyaman recommended seller,1
asyiknya pengirimannya lengkap barangnya oke punya,1
packingnya berantakan produknya error terus pelayanan perlu diperbaiki,0
senang sekali barangnya recommended the best,1
parahnya barangnya mengecewakan makanannya kasar tidak akan kembali lagi,0
mantapnya packingnya lengkap barangnya top markotop five stars,1
alhamdulillah fiturnya oke punya packingnya worth it recommended seller,1
makanannya tidak sesuai menyesal sekali,0
parahnya aplikasinya tidak ramah fiturnya jelek banget bikin kesal,0
untungnya pelayanannya keren the best,1
aplikasinya error terus,0
asyiknya produknya memuaskan aplikasinya rapi,1
mantapnya packingnya keren bakal beli lagi,1
pengirimannya mahal tidak sebanding filmnya mengecewakan sangat mengecewakan,0
puas karena respon sellernya worth it suka sekali,1
puas karena rasanya keren lanjutkan,1
mantapnya makanannya luar biasa kualitasnya worth it lanjutkan,1
mantapnya kualitasnya lengkap suka sekali,1
pelayanannya parah respon sellernya hambar,0
packingnya hambar harganya lambat rugi besar,0
puas karena makanannya enak sekali filmnya ramah puas banget,1
masalahnya harganya mengecewakan pengirimannya tidak sesuai kapok beli di sini,0
respon penjual lambat jutek tidak membantu proses ribet sekali,0
parahnya packingnya rusak,0
sayangnya aplikasinya tidak ramah pengirimannya buruk rugi besar,0
sayang sekali produknya lambat sangat kecewa,0
senang sekali respon sellernya ramah lanjutkan,1
kecewa karena aplikasinya kasar pelayanan perlu diperbaiki,0
sayang sekali fiturnya parah desainnya buruk menyesal sekali,0
sayang sekali pengirimannya error terus aplikasinya jelek banget rugi besar,0
sayang sekali desainnya buruk pelayanan perlu diperbaiki,0
parahnya harganya buruk pelayanannya kasar zonk,0
parahnya respon sellernya error terus menyesal sekali,0
senang sekali barangnya recommended filmnya recommended five stars,1
sayangnya fiturnya rusak pengirimannya cacat tidak sesuai harapan,0
aplikasi ringan tidak boros baterai tampilan modern enak dilihat,1
aplikasinya enak sekali packingnya nyaman puas banget,1
sayang sekali rasanya mengecewakan aplikasinya jelek banget zonk,0
asyiknya aplikasinya mantap fiturnya keren terima kasih banyak,1
pengirimannya parah fiturnya mahal tidak sebanding tidak akan kembali lagi,0
untungnya tempatnya melebihi harapan desainnya luar biasa puas banget,1
asyiknya barangnya sangat membantu mantap jiwa,1
puas karena barangnya sangat membantu makanannya lengkap five stars,1
kecewa karena makanannya mahal tidak sebanding,0
produknya sesuai ekspektasi respon sellernya ramah five stars,1
parahnya pengirimannya tidak ramah tempatnya tidak original tidak akan kembali lagi,0
mantapnya packingnya worth it,1
sayang sekali makanannya lemot zonk,0
senang sekali packingnya luar biasa harganya rapi puas banget,1
sayangnya filmnya tidak sesuai sangat kecewa,0
puas karena aplikasinya luar biasa puas banget,1
packingnya membosankan tidak sesuai harapan,0
kecewa karena barangnya rusak zonk,0
sayang sekali respon sellernya jelek banget tempatnya mengecewakan tidak rekomen,0
untungnya respon sellernya ramah harganya memuaskan lanjutkan,1
buruknya filmnya tidak ramah respon sellernya lambat sangat mengecewakan,0
kecewa karena packingnya berantakan,0
senang sekali makanannya cepat tempatnya melebihi harapan bakal beli lagi,1
sayang sekali aplikasinya lambat barangnya buruk tidak rekomen,0
asyiknya tempatnya melebihi harapan pengirimannya worth it lanjutkan,1
desainnya murahan kualitasnya parah tidak sesuai harapan,0
mantapnya makanannya top markotop five stars,1
sayang sekali kualitasnya rusak sangat kecewa,0
sayang sekali produknya kasar pengirimannya jelek banget rugi besar,0
asyiknya aplikasinya lengkap harganya memuaskan suka sekali,1
barangnya berkualitas suka sekali,1
fiturnya recommended tidak menyesal beli,1
sayang sekali pengirimannya lama banget tidak akan kembali lagi,0
masalahnya respon sellernya mengecewakan rasanya mengecewakan bikin kesal,0
parahnya aplikasinya parah harganya parah rugi besar,0
sayangnya barangnya kasar tempatnya rusak tidak sesuai harapan,0
puas karena packingnya joss pelayanannya rapi tidak menyesal beli,1
untungnya produknya cepat pengirimannya luar biasa pokoknya puas,1
rasanya top markotop tempatnya lengkap suka sekali,1
pengirimannya joss suka sekali,1
respon sellernya tidak original pelayanan perlu diperbaiki,0
mantapnya pelayanannya rapi pokoknya puas,1
untungnya fiturnya rapi lanjutkan,1
puas karena rasanya cepat puas banget,1
senang sekali packingnya nyaman rasanya bagus banget pokoknya puas,1
sayang sekali makanannya kasar tidak rekomen,0
untungnya kualitasnya oke punya aplikasinya cepat the best,1
makanannya sesuai ekspektasi kualitasnya nyaman lanjutkan,1
parahnya barangnya tidak original makanannya tidak ramah jangan beli,0
kecewa karena harganya kasar aplikasinya rusak bikin kesal,0
produknya melebihi harapan lanjutkan,1
untungnya pelayanannya oke punya mantap jiwa,1
parahnya aplikasinya berantakan bikin kesal,0
asyiknya aplikasinya top markotop semoga makin sukses,1
aplikasinya bagus banget five stars,1
mantapnya aplikasinya top markotop pelayanannya nyaman bakal beli lagi,1
sayang sekali rasanya rusak zonk,0
mantapnya kualitasnya sangat membantu,1
buruknya tempatnya hambar respon sellernya mengecewakan tidak rekomen,0
mantapnya filmnya keren tempatnya melebihi harapan mantap jiwa,1
senang sekali pengirimannya joss suka sekali,1
puas karena kualitasnya recommended bakal beli lagi,1
puas karena fiturnya berkualitas puas banget,1
puas karena pelayanannya sangat membantu pengirimannya ramah pokoknya puas,1
masalahnya pengirimannya cacat packingnya menyebalkan buang buang uang,0
senang sekali respon sellernya enak sekali recommended seller,1
mantapnya filmnya cepat pelayanannya nyaman pokoknya puas,1
masalahnya fiturnya buruk kapok beli di sini,0
alhamdulillah filmnya top markotop mantap jiwa,1
aplikasinya error terus bikin kesal,0
senang sekali fiturnya keren makanannya keren akan langganan,1
buruknya kualitasnya lemot makanannya tidak sesuai,0
makanannya mantap tidak menyesal beli,1
sayang sekali fiturnya parah makanannya menyebalkan pelayanan perlu diperbaiki,0
asyiknya makanannya sesuai ekspektasi mantap jiwa,1
sayangnya pelayanannya membosankan buang buang uang,0
alhamdulillah aplikasinya oke punya bakal beli lagi,1
puas karena makanannya memuaskan filmnya recommended puas banget,1
untungnya aplikasinya memuaskan kualitasnya melebihi harapan bakal beli lagi,1
puas karena harganya ramah fiturnya sesuai ekspektasi lanjutkan,1
asyiknya rasanya joss five stars,1
asyiknya respon sellernya bagus banget,1
sayang sekali fiturnya cacat zonk,0
senang sekali kualitasnya nyaman mantap jiwa,1
asyiknya kualitasnya cepat pokoknya puas,1
sayang sekali barangnya jelek banget zonk,0
asyiknya packingnya ramah tidak menyesal beli,1
aplikasinya mudah digunakan fiturnya lengkap dan tidak ngelag,1
sayangnya respon sellernya berantakan pengirimannya mengecewakan minta refund,0
kecewa karena barangnya buruk tidak akan kembali lagi,0
sayang sekali rasanya lambat pelayanannya tidak sesuai zonk,0
untungnya kualitasnya top markotop semoga makin sukses,1
asyiknya harganya top markotop fiturnya bagus banget akan langganan,1
asyiknya rasanya enak sekali pokoknya puas,1
buruknya rasanya berantakan buang buang uang,0
kecewa karena produknya berantakan bikin kesal,0
pengirimannya hambar bikin kesal,0
mantapnya fiturnya sangat membantu tidak menyesal beli,1
makanannya menyebalkan desainnya tidak sesuai pelayanan perlu diperbaiki,0
sayang sekali filmnya hambar bikin kesal,0
kualitasnya top markotop sangat direkomendasikan,1
senang sekali pelayanannya joss tidak menyesal beli,1
sayang sekali pelayanannya cacat tidak rekomen,0
produknya nyaman pelayanannya berkualitas suka sekali,1
buruknya produknya lama banget bikin kesal,0
mantapnya makanannya melebihi harapan packingnya oke punya five stars,1
mantapnya barangnya recommended pengirimannya worth it sangat direkomendasikan,1
alhamdulillah pengirimannya sesuai ekspektasi akan langganan,1
makanannya luar biasa kualitasnya mantap bakal beli lagi,1
pelayanannya mantap five stars,1
rasanya luar biasa produknya keren the best,1
mantapnya filmnya luar biasa,1
asyiknya aplikasinya keren makanannya top markotop akan langganan,1
alhamdulillah pelayanannya bagus banget respon sellernya melebihi harapan akan langganan,1
asyiknya pelayanannya melebihi harapan akan langganan,1
sayang sekali fiturnya tidak sesuai pelayanan perlu diperbaiki,0
parahnya barangnya kasar sangat kecewa,0
sayang sekali respon sellernya tidak sesuai rasanya jelek banget pelayanan perlu diperbaiki,0
asyiknya produknya cepat fiturnya berkualitas suka sekali,1
alhamdulillah harganya mantap terima kasih banyak,1
kecewa karena rasanya lama banget pelayanan perlu diperbaiki,0
kecewa karena tempatnya mahal tidak sebanding filmnya murahan kapok beli di sini,0
masalahnya harganya buruk makanannya berantakan pelayanan perlu diperbaiki,0
masalahnya barangnya menyebalkan minta refund,0
masalahnya tempatnya lemot respon sellernya menyebalkan menyesal sekali,0
pelayanannya rusak tempatnya mahal tidak sebanding tidak akan kembali lagi,0
puas karena respon sellernya ramah semoga makin sukses,1
sayang sekali desainnya lambat packingnya cacat pelayanan perlu diperbaiki,0
mantapnya filmnya sesuai ekspektasi fiturnya sesuai ekspektasi pokoknya puas,1
sayang sekali kualitasnya membosankan produknya murahan rugi besar,0
respon sellernya error terus tidak akan kembali lagi,0
puas karena barangnya ramah makanannya keren suka sekali,1
filmnya nyaman bakal beli lagi,1
sayangnya makanannya murahan,0
respon sellernya error terus rasanya membosankan sangat kecewa,0
sayangnya harganya menyebalkan,0
senang sekali harganya cepat,1
puas karena rasanya memuaskan the best,1
masalahnya makanannya tidak original sangat mengecewakan,0
alhamdulillah tempatnya rapi respon sellernya oke punya bakal beli lagi,1
parahnya produknya lambat tidak rekomen,0
fiturnya berkualitas produknya lengkap the best,1
alhamdulillah pengirimannya keren bakal beli lagi,1
untungnya harganya joss five stars,1
buruknya fiturnya tidak sesuai rasanya menyebalkan kapok beli di sini,0
sayangnya desainnya buruk tidak akan kembali lagi,0
kecewa karena produknya buruk jangan beli,0
alhamdulillah barangnya nyaman kualitasnya worth it five stars,1
untungnya makanannya ramah bakal beli lagi,1
senang sekali packingnya recommended makanannya ramah semoga makin sukses,1
asyiknya aplikasinya joss fiturnya lengkap recommended seller,1
sayangnya respon sellernya jelek banget,0
kecewa karena filmnya murahan tidak akan kembali lagi,0
sayangnya kualitasnya menyebalkan rasanya tidak sesuai minta refund,0
kecewa karena harganya lemot rugi besar,0
alhamdulillah harganya nyaman akan langganan,1
parahnya desainnya membosankan produknya tidak original kapok beli di sini,0
parahnya kualitasnya berantakan sangat kecewa,0
asyiknya harganya sesuai ekspektasi filmnya cepat,1
alhamdulillah filmnya nyaman puas banget,1
rasanya melebihi harapan fiturnya sangat membantu semoga makin sukses,1
asyiknya filmnya oke punya five stars,1
sayang sekali aplikasinya tidak sesuai fiturnya lemot rugi besar,0
mantapnya desainnya bagus banget pengirimannya sangat membantu sangat direkomendasikan,1
rasanya jelek banget jangan beli,0
sayang sekali rasanya tidak sesuai kualitasnya cacat buang buang uang,0
senang sekali makanannya joss kualitasnya memuaskan five stars,1
barangnya recommended kualitasnya berkualitas semoga makin sukses,1
harganya bagus banget barangnya sangat membantu akan langganan,1
senang sekali aplikasinya keren suka sekali,1
senang sekali makanannya nyaman,1
makanannya tidak sesuai rugi besar,0
untungnya produknya enak sekali fiturnya melebihi harapan the best,1
untungnya makanannya recommended sangat direkomendasikan,1
parahnya filmnya lambat pelayanannya murahan minta refund,0
puas karena pengirimannya sesuai ekspektasi mantap jiwa,1
buruknya kualitasnya membosankan harganya kasar tidak akan kembali lagi,0
respon sellernya mahal tidak sebanding sangat mengecewakan,0
puas karena rasanya berkualitas akan langganan,1
sayang sekali rasanya tidak ramah respon sellernya error terus sangat kecewa,0
untungnya desainnya melebihi harapan tempatnya sesuai ekspektasi bakal beli lagi,1
buruknya rasanya tidak ramah pelayanan perlu diperbaiki,0
parahnya barangnya murahan rugi besar,0
kecewa karena makanannya buruk,0
buruknya kualitasnya hambar pengirimannya membosankan tidak akan kembali lagi,0
asyiknya harganya keren filmnya nyaman semoga makin sukses,1
produknya sesuai ekspektasi respon sellernya bagus banget the best,1
alhamdulillah barangnya rapi the best,1
kualitasnya berkualitas filmnya nyaman tidak menyesal beli,1
alhamdulillah filmnya cepat kualitasnya nyaman sangat direkomendasikan,1
masalahnya filmnya kasar buang buang uang,0
masalahnya pelayanannya menyebalkan desainnya buruk kapok beli di sini,0
sayang sekali desainnya tidak ramah bikin kesal,0
puas karena produknya lengkap five stars,1
sayang sekali produknya murahan aplikasinya tidak sesuai rugi besar,0
sayang sekali makanannya error terus pengirimannya hambar zonk,0
mantapnya pelayanannya keren produknya worth it recommended seller,1
puas karena barangnya worth it puas banget,1
untungnya harganya nyaman packingnya nyaman suka sekali,1
harganya membosankan respon sellernya error terus menyesal sekali,0
asyiknya filmnya lengkap aplikasinya lengkap bakal beli lagi,1
sayangnya harganya jelek banget tidak rekomen,0
sayangnya desainnya menyebalkan rasanya mengecewakan buang buang uang,0
untungnya tempatnya berkualitas pokoknya puas,1
pelayanannya menyebalkan rugi besar,0
produknya tidak sesuai tidak akan kembali lagi,0
asyiknya produknya top markotop aplikasinya melebihi harapan recommended seller,1
kecewa karena respon sellernya tidak ramah pelayanan perlu diperbaiki,0
mantapnya fiturnya nyaman pelayanannya lengkap recommended seller,1
mantapnya rasanya mantap fiturnya luar biasa the best,1
untungnya pengirimannya berkualitas lanjutkan,1
sayangnya desainnya tidak original makanannya tidak ramah jangan beli,0
fiturnya berantakan jangan beli,0
buruknya makanannya error terus tidak rekomen,0
sayang sekali aplikasinya lambat harganya murahan jangan beli,0
sayang sekali desainnya lemot sangat kecewa,0
puas karena fiturnya nyaman pelayanannya nyaman pokoknya puas,1
masalahnya kualitasnya tidak sesuai minta refund,0
sayang sekali respon sellernya membosankan rugi besar,0
buruknya barangnya mengecewakan tidak rekomen,0
asyiknya tempatnya melebihi harapan puas banget,1
parahnya aplikasinya lemot menyesal sekali,0
puas karena respon sellernya recommended kualitasnya sangat membantu semoga makin sukses,1
masalahnya barangnya berantakan pelayanannya mengecewakan jangan beli,0
untungnya packingnya lengkap fiturnya sesuai ekspektasi tidak menyesal beli,1
alhamdulillah barangnya joss five stars,1
sayang sekali desainnya berantakan packingnya lambat tidak rekomen,0
sayang sekali aplikasinya buruk menyesal sekali,0
buruknya tempatnya rusak tidak akan kembali lagi,0
sayangnya produknya mahal tidak sebanding,0
untungnya pelayanannya ramah akan langganan,1
kecewa karena aplikasinya jelek banget jangan beli,0
mantapnya respon sellernya recommended barangnya lengkap recommended seller,1
asyiknya tempatnya worth it desainnya oke punya mantap jiwa,1
kecewa karena respon sellernya membosankan kualitasnya lemot sangat kecewa,0
sayang sekali respon sellernya murahan filmnya tidak original sangat kecewa,0
untungnya rasanya recommended harganya joss puas banget,1
alhamdulillah respon sellernya bagus banget fiturnya mantap sangat direkomendasikan,1
masalahnya pelayanannya tidak original bikin kesal,0
untungnya fiturnya top markotop kualitasnya joss five stars,1
kecewa karena tempatnya tidak ramah pelayanannya lemot tidak sesuai harapan,0
puas karena fiturnya ramah rasanya rapi lanjutkan,1
sayangnya respon sellernya menyebalkan desainnya tidak sesuai zonk,0
tempatnya mengecewakan menyesal sekali,0
asyiknya pengirimannya joss semoga makin sukses,1
asyiknya fiturnya melebihi harapan mantap jiwa,1
senang sekali rasanya recommended suka sekali,1
puas karena barangnya recommended kualitasnya nyaman five stars,1
asyiknya produknya oke punya tidak menyesal beli,1
parahnya rasanya lemot filmnya lambat tidak akan kembali lagi,0
buruknya aplikasinya kasar tidak sesuai harapan,0
kecewa karena produknya lama banget pelayanan perlu diperbaiki,0
packingnya lemot desainnya berantakan jangan beli,0
kecewa karena makanannya jelek banget barangnya tidak ramah pelayanan perlu diperbaiki,0
mantapnya harganya ramah suka sekali,1
mantapnya aplikasinya ramah lanjutkan,1
alhamdulillah aplikasinya memuaskan sangat direkomendasikan,1
parahnya makanannya tidak sesuai jangan beli,0
untungnya aplikasinya worth it five stars,1
senang sekali respon sellernya sesuai ekspektasi kualitasnya worth it bakal beli lagi,1
barangnya cepat makanannya sesuai ekspektasi puas banget,1
tempatnya lengkap puas banget,1
puas karena packingnya ramah filmnya luar biasa bakal beli lagi,1
parahnya tempatnya mahal tidak sebanding makanannya tidak ramah kapok beli di sini,0
mantapnya packingnya sesuai ekspektasi sangat direkomendasikan,1
asyiknya kualitasnya ramah filmnya rapi sangat direkomendasikan,1
buruknya makanannya kasar pelayanan perlu diperbaiki,0
kecewa karena pengirimannya buruk buang buang uang,0
buruknya fiturnya mahal tidak sebanding tidak rekomen,0
parahnya harganya mengecewakan bikin kesal,0
puas karena desainnya recommended akan langganan,1
alhamdulillah pelayanannya mantap kualitasnya lengkap five stars,1
alhamdulillah fiturnya keren aplikasinya top markotop sangat direkomendasikan,1
mantapnya pengirimannya lengkap respon sellernya luar biasa,1
sayang sekali barangnya rusak jangan beli,0
masalahnya fiturnya buruk bikin kesal,0
mantapnya makanannya oke punya pokoknya puas,1
buruknya desainnya parah harganya error terus rugi besar,0
sayang sekali kualitasnya jelek banget menyesal sekali,0
alhamdulillah aplikasinya oke punya fiturnya oke punya tidak menyesal beli,1
masalahnya harganya error terus packingnya kasar tidak rekomen,0
asyiknya pengirimannya cepat rasanya bagus banget the best,1
packingnya rapi suka sekali,1
asyiknya harganya worth it,1
sayang sekali barangnya berantakan tidak rekomen,0
harganya nyaman pelayanannya oke punya five stars,1
desainnya membosankan menyesal sekali,0
untungnya harganya top markotop,1
pengirimannya worth it terima kasih banyak,1
alhamdulillah rasanya recommended lanjutkan,1
buruknya makanannya rusak jangan beli,0
desainnya lambat,0
sayang sekali pengirimannya error terus kualitasnya tidak sesuai rugi besar,0
puas karena kualitasnya lengkap pengirimannya joss recommended seller,1
asyiknya rasanya sesuai ekspektasi tidak menyesal beli,1
sayangnya barangnya cacat minta refund,0
alhamdulillah pelayanannya ramah produknya cepat akan langganan,1
buruknya pengirimannya rusak packingnya error terus bikin kesal,0
asyiknya desainnya oke punya suka sekali,1
asyiknya pelayanannya bagus banget rasanya oke punya puas banget,1
sayangnya tempatnya menyebalkan filmnya cacat kapok beli di sini,0
kecewa karena tempatnya parah makanannya mengecewakan sangat mengecewakan,0
sayangnya pelayanannya kasar pengirimannya buruk,0
untungnya pelayanannya berkualitas akan langganan,1
buruknya produknya mahal tidak sebanding rasanya rusak kapok beli di sini,0
masalahnya desainnya tidak original minta refund,0
sayangnya filmnya membosankan kapok beli di sini,0
parahnya produknya rusak pelayanan perlu diperbaiki,0
parahnya harganya rusak filmnya hambar minta refund,0
parahnya makanannya membosankan fiturnya jelek banget sangat mengecewakan,0
sayangnya produknya hambar zonk,0
parahnya makanannya lemot zonk,0
packingnya lemot tempatnya membosankan kapok beli di sini,0
masalahnya packingnya error terus barangnya tidak ramah buang buang uang,0
kecewa karena aplikasinya murahan kualitasnya buruk buang buang uang,0
buruknya tempatnya lemot packingnya jelek banget zonk,0
puas karena filmnya lengkap tidak menyesal beli,1
buruknya pengirimannya tidak ramah fiturnya error terus bikin kesal,0
sayang sekali aplikasinya cacat buang buang uang,0
parahnya rasanya hambar buang buang uang,0
buruknya fiturnya cacat desainnya membosankan kapok beli di sini,0
sayang sekali harganya hambar pelayanannya mengecewakan zonk,0
untungnya produknya memuaskan harganya sesuai ekspektasi mantap jiwa,1
sayang sekali makanannya lama banget sangat kecewa,0
buruknya tempatnya tidak ramah aplikasinya mengecewakan tidak akan kembali lagi,0
alhamdulillah aplikasinya worth it recommended seller,1
mantapnya aplikasinya enak sekali produknya keren lanjutkan,1
makanannya error terus desainnya mahal tidak sebanding bikin kesal,0
sayangnya desainnya mahal tidak sebanding pengirimannya membosankan buang buang uang,0
puas karena filmnya enak sekali kualitasnya ramah pokoknya puas,1
senang sekali fiturnya joss suka sekali,1
asyiknya makanannya sesuai ekspektasi filmnya top markotop lanjutkan,1
sayangnya pelayanannya rusak aplikasinya lama banget sangat kecewa,0
puas karena desainnya rapi mantap jiwa,1
fiturnya memuaskan tidak menyesal beli,1
senang sekali rasanya melebihi harapan,1
alhamdulillah aplikasinya sesuai ekspektasi puas banget,1
puas karena pengirimannya luar biasa kualitasnya mantap semoga makin sukses,1
asyiknya respon sellernya bagus banget desainnya berkualitas the best,1
mantapnya kualitasnya enak sekali rasanya ramah lanjutkan,1
alhamdulillah fiturnya sesuai ekspektasi tidak menyesal beli,1
sayang sekali produknya hambar desainnya berantakan pelayanan perlu diperbaiki,0
untungnya filmnya sesuai ekspektasi barangnya keren tidak menyesal beli,1
sayang sekali packingnya lemot fiturnya parah kapok beli di sini,0
kecewa karena makanannya mengecewakan tidak akan kembali lagi,0
buruknya harganya hambar rugi besar,0
untungnya pelayanannya cepat puas banget,1
pelayanannya lengkap puas banget,1
buruknya kualitasnya lambat makanannya lemot tidak akan kembali lagi,0
asyiknya filmnya cepat makanannya joss terima kasih banyak,1
alhamdulillah produknya top markotop barangnya sangat membantu akan langganan,1
mantapnya kualitasnya worth it mantap jiwa,1
sayang sekali tempatnya membosankan sangat mengecewakan,0
kecewa karena desainnya hambar respon sellernya parah buang buang uang,0
buruknya packingnya kasar desainnya lama banget minta refund,0
sayang sekali respon sellernya membosankan pelayanannya tidak original bikin kesal,0
untungnya aplikasinya mantap barangnya joss the best,1
sayangnya barangnya lama banget produknya lama banget sangat kecewa,0
parahnya filmnya jelek banget packingnya menyebalkan minta refund,0
asyiknya tempatnya joss sangat direkomendasikan,1
senang sekali respon sellernya recommended filmnya worth it suka sekali,1
barangnya luar biasa pokoknya puas,1
kecewa karena pelayanannya mahal tidak sebanding buang buang uang,0
alhamdulillah pelayanannya sangat membantu bakal beli lagi,1
makanannya mahal tidak sebanding pelayanannya membosankan minta refund,0
sayangnya kualitasnya lemot barangnya cacat rugi besar,0
buruknya respon sellernya tidak ramah makanannya tidak original tidak akan kembali lagi,0
kecewa karena barangnya lemot aplikasinya tidak ramah buang buang uang,0
untungnya aplikasinya sangat membantu pelayanannya enak sekali pokoknya puas,1
alhamdulillah respon sellernya joss harganya nyaman akan langganan,1
buruknya fiturnya tidak sesuai makanannya tidak ramah kapok beli di sini,0
barangnya oke punya tempatnya sesuai ekspektasi terima kasih banyak,1
alhamdulillah filmnya mantap recommended seller,1
senang sekali makanannya bagus banget filmnya mantap tidak menyesal beli,1
makanannya jelek banget packingnya mahal tidak sebanding buang buang uang,0
sayang sekali respon sellernya buruk pelayanan perlu diperbaiki,0
untungnya makanannya memuaskan terima kasih banyak,1
puas karena makanannya rapi,1
senang sekali filmnya ramah pengirimannya oke punya pokoknya puas,1
untungnya kualitasnya nyaman rasanya berkualitas suka sekali,1
masalahnya pelayanannya tidak sesuai zonk,0
puas karena packingnya keren five stars,1
mantapnya kualitasnya joss harganya worth it,1
parahnya fiturnya cacat tidak sesuai harapan,0
alhamdulillah produknya memuaskan packingnya nyaman tidak menyesal beli,1
sayang sekali desainnya rusak rugi besar,0
masalahnya pelayanannya tidak sesuai aplikasinya kasar minta refund,0
untungnya tempatnya luar biasa mantap jiwa,1
buruknya packingnya murahan pelayanannya hambar tidak rekomen,0
alhamdulillah pengirimannya berkualitas harganya berkualitas sangat direkomendasikan,1
untungnya fiturnya cepat terima kasih banyak,1
untungnya makanannya cepat mantap jiwa,1
kecewa karena filmnya buruk harganya rusak,0
masalahnya pelayanannya mengecewakan kualitasnya tidak original pelayanan perlu diperbaiki,0
sayang sekali kualitasnya murahan bikin kesal,0
asyiknya pelayanannya luar biasa lanjutkan,1
buruknya produknya murahan respon sellernya buruk pelayanan perlu diperbaiki,0
puas karena produknya berkualitas pokoknya puas,1
masalahnya rasanya tidak ramah pengirimannya mengecewakan bikin kesal,0
kecewa karena desainnya lama banget tidak sesuai harapan,0
senang sekali pengirimannya enak sekali makanannya sangat membantu terima kasih banyak,1
mantapnya pengirimannya lengkap five stars,1
kecewa karena pengirimannya parah tidak sesuai harapan,0
alhamdulillah fiturnya joss pelayanannya nyaman puas banget,1
senang sekali fiturnya ramah terima kasih banyak,1
filmnya lambat buang buang uang,0
masalahnya produknya jelek banget tidak sesuai harapan,0
parahnya packingnya kasar jangan beli,0
asyiknya barangnya nyaman desainnya memuaskan lanjutkan,1
sayang sekali pelayanannya tidak sesuai tidak akan kembali lagi,0
untungnya rasanya joss terima kasih banyak,1
senang sekali barangnya recommended semoga makin sukses,1
aplikasinya worth it harganya cepat the best,1
untungnya barangnya bagus banget lanjutkan,1
sayangnya harganya tidak ramah produknya tidak sesuai zonk,0
parahnya pelayanannya menyebalkan sangat mengecewakan,0
sayangnya harganya lama banget minta refund,0
masalahnya harganya tidak ramah sangat kecewa,0
untungnya desainnya memuaskan the best,1
pelayanannya hambar harganya murahan tidak sesuai harapan,0
puas karena aplikasinya sesuai ekspektasi semoga makin sukses,1
alhamdulillah pelayanannya memuaskan filmnya recommended suka sekali,1
sayangnya tempatnya jelek banget jangan beli,0
untungnya aplikasinya recommended pelayanannya bagus banget mantap jiwa,1
filmnya jelek banget harganya murahan menyesal sekali,0
senang sekali fiturnya luar biasa makanannya cepat recommended seller,1
puas karena respon sellernya recommended recommended seller,1
parahnya produknya jelek banget tidak sesuai harapan,0
parahnya filmnya menyebalkan,0
masalahnya harganya jelek banget,0
aplikasinya joss the best,1
masalahnya tempatnya buruk produknya cacat buang buang uang,0
pelayanannya lama banget bikin kesal,0
sayang sekali fiturnya jelek banget harganya parah jangan beli,0
sayangnya packingnya lama banget desainnya hambar tidak akan kembali lagi,0
sayangnya respon sellernya tidak ramah pelayanannya lambat,0
alhamdulillah kualitasnya rapi five stars,1
fiturnya recommended akan langganan,1
makanannya mengecewakan filmnya lambat sangat kecewa,0
buruknya desainnya jelek banget harganya hambar pelayanan perlu diperbaiki,0
produknya cacat sangat kecewa,0
makanannya error terus,0
mantapnya pelayanannya top markotop five stars,1
asyiknya kualitasnya lengkap five stars,1
sayangnya filmnya mengecewakan jangan beli,0
alhamdulillah pengirimannya memuaskan kualitasnya melebihi harapan suka sekali,1
parahnya makanannya berantakan,0
asyiknya tempatnya melebihi harapan packingnya melebihi harapan five stars,1
alhamdulillah pengirimannya sesuai ekspektasi mantap jiwa,1
buruknya packingnya hambar rugi besar,0
sayangnya pelayanannya lama banget tidak rekomen,0
respon sellernya recommended sangat direkomendasikan,1
makanannya cepat puas banget,1
barangnya recommended aplikasinya recommended sangat direkomendasikan,1
masalahnya makanannya error terus tidak rekomen,0
parahnya aplikasinya mengecewakan tidak akan kembali lagi,0
puas karena respon sellernya top markotop pelayanannya enak sekali bakal beli lagi,1
parahnya filmnya membosankan sangat mengecewakan,0
puas karena desainnya recommended produknya sangat membantu sangat direkomendasikan,1
masalahnya fiturnya menyebalkan produknya rusak tidak rekomen,0
parahnya packingnya berantakan menyesal sekali,0
asyiknya aplikasinya bagus banget tidak menyesal beli,1
buruknya makanannya error terus aplikasinya lama banget tidak akan kembali lagi,0
buruknya pengirimannya parah barangnya error terus tidak rekomen,0
sayangnya pelayanannya error terus harganya murahan pelayanan perlu diperbaiki,0
asyiknya filmnya luar biasa makanannya nyaman sangat direkomendasikan,1
senang sekali pelayanannya bagus banget sangat direkomendasikan,1
kualitasnya oke punya,1
senang sekali tempatnya top markotop suka sekali,1
untungnya desainnya enak sekali the best,1
masalahnya fiturnya mahal tidak sebanding rugi besar,0
parahnya pengirimannya tidak ramah sangat kecewa,0
asyiknya pengirimannya luar biasa bakal beli lagi,1
parahnya packingnya tidak ramah jangan beli,0
alhamdulillah rasanya rapi respon sellernya berkualitas pokoknya puas,1
pelayanannya rapi terima kasih banyak,1
puas karena packingnya sangat membantu the best,1
senang sekali fiturnya luar biasa produknya cepat,1
puas karena packingnya sangat membantu aplikasinya nyaman akan langganan,1
packingnya sangat membantu fiturnya bagus banget puas banget,1
puas karena desainnya melebihi harapan suka sekali,1
senang sekali pengirimannya keren tempatnya luar biasa recommended seller,1
untungnya makanannya keren recommended seller,1
buruknya harganya cacat menyesal sekali,0
masalahnya fiturnya tidak original minta refund,0
untungnya harganya enak sekali sangat direkomendasikan,1
mantapnya barangnya joss fiturnya keren,1
rasanya worth it desainnya mantap recommended seller,1
mantapnya makanannya keren terima kasih banyak,1
kecewa karena tempatnya lambat rugi besar,0
parahnya harganya tidak sesuai packingnya tidak ramah tidak sesuai harapan,0
alhamdulillah desainnya joss five stars,1
puas karena aplikasinya rapi mantap jiwa,1
masalahnya desainnya lemot fiturnya lama banget tidak rekomen,0
puas karena packingnya ramah tidak menyesal beli,1
asyiknya pelayanannya bagus banget puas banget,1
sayangnya desainnya tidak ramah,0
buruknya harganya menyebalkan sangat mengecewakan,0
sayang sekali packingnya menyebalkan minta refund,0
masalahnya pelayanannya error terus tidak rekomen,0
packingnya worth it rasanya ramah mantap jiwa,1
mantapnya packingnya top markotop tidak menyesal beli,1
puas karena packingnya oke punya produknya berkualitas akan langganan,1
sayang sekali produknya tidak ramah respon sellernya berantakan minta refund,0
kecewa karena packingnya tidak ramah makanannya menyebalkan rugi besar,0
kecewa karena respon sellernya kasar minta refund,0
mantapnya kualitasnya lengkap harganya mantap semoga makin sukses,1
kualitasnya worth it makanannya melebihi harapan lanjutkan,1
puas karena fiturnya oke punya akan langganan,1
mantapnya makanannya worth it mantap jiwa,1
buruknya produknya rusak fiturnya tidak sesuai pelayanan perlu diperbaiki,0
parahnya makanannya tidak sesuai,0
asyiknya harganya ramah desainnya bagus banget akan langganan,1
puas karena kualitasnya memuaskan terima kasih banyak,1
kecewa karena makanannya menyebalkan jangan beli,0
untungnya filmnya recommended sangat direkomendasikan,1
kecewa karena tempatnya menyebalkan zonk,0
kecewa karena pengirimannya menyebalkan zonk,0
parahnya pengirimannya jelek banget tidak rekomen,0
mantapnya respon sellernya joss akan langganan,1
mantapnya rasanya lengkap filmnya keren akan langganan,1
senang sekali pelayanannya luar biasa mantap jiwa,1
sayang sekali barangnya mahal tidak sebanding pelayanan perlu diperbaiki,0
untungnya tempatnya berkualitas kualitasnya keren mantap jiwa,1
buruknya desainnya membosankan rugi besar,0
masalahnya tempatnya hambar rugi besar,0
barangnya rapi filmnya lengkap the best,1
barangnya memuaskan lanjutkan,1
senang sekali packingnya joss semoga makin sukses,1
puas karena pengirimannya melebihi harapan mantap jiwa,1
mantapnya kualitasnya nyaman pelayanannya joss akan langganan,1
sayangnya barangnya lambat tempatnya berantakan buang buang uang,0
asyiknya aplikasinya top markotop harganya lengkap semoga makin sukses,1
rasanya jelek banget pelayanan perlu diperbaiki,0
parahnya aplikasinya tidak original respon sellernya error terus sangat kecewa,0
filmnya bagus banget tidak menyesal beli,1
barangnya cepat recommended seller,1
kecewa karena kualitasnya kasar tidak rekomen,0
asyiknya respon sellernya bagus banget pengirimannya luar biasa the best,1
asyiknya kualitasnya lengkap respon sellernya berkualitas pokoknya puas,1
alhamdulillah aplikasinya memuaskan tempatnya enak sekali the best,1
untungnya filmnya memuaskan makanannya oke punya recommended seller,1
alhamdulillah desainnya sesuai ekspektasi makanannya ramah tidak menyesal beli,1
puas karena rasanya joss mantap jiwa,1
mantapnya rasanya sangat membantu fiturnya memuaskan mantap jiwa,1
sayang sekali produknya murahan barangnya rusak,0
untungnya pengirimannya berkualitas kualitasnya luar biasa,1
buruknya filmnya tidak ramah barangnya murahan menyesal sekali,0
alhamdulillah respon sellernya recommended aplikasinya recommended the best,1
buruknya packingnya murahan pengirimannya lambat menyesal sekali,0
harganya berkualitas tidak menyesal beli,1
kecewa karena filmnya menyebalkan tidak sesuai harapan,0
puas karena respon sellernya sesuai ekspektasi tidak menyesal beli,1
alhamdulillah packingnya enak sekali,1
pengirimannya error terus buang buang uang,0
sayangnya produknya jelek banget rasanya membosankan sangat mengecewakan,0
senang sekali barangnya melebihi harapan bakal beli lagi,1
untungnya filmnya recommended respon sellernya mantap,1
buruknya rasanya error terus harganya tidak sesuai zonk,0
alhamdulillah filmnya berkualitas semoga makin sukses,1
masalahnya desainnya parah aplikasinya error terus,0
puas karena aplikasinya luar biasa terima kasih banyak,1
sayangnya fiturnya lambat pelayanan perlu diperbaiki,0
sayangnya pelayanannya mengecewakan aplikasinya berantakan rugi besar,0
sayang sekali fiturnya tidak sesuai zonk,0
masalahnya barangnya membosankan packingnya error terus sangat mengecewakan,0
buruknya barangnya menyebalkan pelayanannya mengecewakan sangat kecewa,0
sayangnya packingnya kasar pelayanan perlu diperbaiki,0
mantapnya pelayanannya sangat membantu harganya memuaskan,1
parahnya fiturnya error terus desainnya membosankan bikin kesal,0
asyiknya rasanya ramah filmnya worth it the best,1
masalahnya fiturnya cacat pelayanan perlu diperbaiki,0
alhamdulillah filmnya nyaman tempatnya memuaskan five stars,1
parahnya makanannya mengecewakan desainnya lama banget bikin kesal,0
senang sekali desainnya sesuai ekspektasi bakal beli lagi,1
sayangnya makanannya tidak ramah fiturnya mengecewakan tidak akan kembali lagi,0
mantapnya filmnya melebihi harapan recommended seller,1
parahnya aplikasinya murahan tidak akan kembali lagi,0
puas karena packingnya top markotop pengirimannya sesuai ekspektasi five stars,1
mantapnya filmnya memuaskan tidak menyesal beli,1
buruknya pengirimannya kasar respon sellernya tidak sesuai minta refund,0
sayangnya packingnya cacat kapok beli di sini,0
makanannya kasar barangnya cacat tidak akan kembali lagi,0
barangnya rusak rugi besar,0
untungnya barangnya luar biasa tempatnya bagus banget pokoknya puas,1
kualitasnya nyaman produknya joss pokoknya puas,1
buruknya harganya jelek banget pengirimannya rusak tidak rekomen,0
puas karena makanannya ramah harganya cepat pokoknya puas,1
sayang sekali pengirimannya lambat tempatnya tidak ramah buang buang uang,0
parahnya tempatnya rusak fiturnya mengecewakan kapok beli di sini,0
untungnya produknya sangat membantu puas banget,1
mantapnya rasanya enak sekali aplikasinya rapi,1
barangnya mahal tidak sebanding menyesal sekali,0
sayangnya barangnya tidak ramah tidak akan kembali lagi,0
kecewa karena packingnya jelek banget rasanya lambat tidak akan kembali lagi,0
kecewa karena pengirimannya mahal tidak sebanding tempatnya lama banget buang buang uang,0
buruknya pelayanannya hambar menyesal sekali,0
mantapnya aplikasinya mantap desainnya lengkap tidak menyesal beli,1
kecewa karena makanannya hambar tidak akan kembali lagi,0
kecewa karena tempatnya mengecewakan makanannya cacat tidak akan kembali lagi,0
kualitasnya berkualitas suka sekali,1
untungnya barangnya melebihi harapan filmnya top markotop puas banget,1
mantapnya desainnya nyaman mantap jiwa,1
sayang sekali kualitasnya lama banget makanannya tidak sesuai jangan beli,0
untungnya packingnya ramah tidak menyesal beli,1
kecewa karena aplikasinya lambat buang buang uang,0
alhamdulillah fiturnya luar biasa sangat direkomendasikan,1
buruknya tempatnya membosankan sangat kecewa,0
kualitasnya cacat rugi besar,0
alhamdulillah pengirimannya bagus banget recommended seller,1
sayangnya pelayanannya menyebalkan pelayanan perlu diperbaiki,0
kecewa karena desainnya error terus zonk,0
sayangnya harganya jelek banget packingnya membosankan rugi besar,0
parahnya pengirimannya menyebalkan desainnya tidak sesuai menyesal sekali,0
mantapnya tempatnya ramah barangnya memuaskan recommended seller,1
sayangnya packingnya lambat filmnya membosankan sangat mengecewakan,0
sayangnya kualitasnya kasar kapok beli di sini,0
asyiknya kualitasnya mantap pengirimannya keren pokoknya puas,1
masalahnya barangnya membosankan tidak sesuai harapan,0
respon sellernya nyaman kualitasnya melebihi harapan recommended seller,1
filmnya membosankan jangan beli,0
parahnya tempatnya error terus respon sellernya mahal tidak sebanding,0
parahnya pelayanannya rusak desainnya buruk menyesal sekali,0
puas karena fiturnya memuaskan barangnya melebihi harapan tidak menyesal beli,1
senang sekali tempatnya recommended bakal beli lagi,1
parahnya aplikasinya tidak original filmnya hambar bikin kesal,0
sayangnya kualitasnya lambat barangnya lama banget bikin kesal,0
produknya rusak buang buang uang,0
sayang sekali aplikasinya menyebalkan makanannya hambar,0
buruknya barangnya tidak sesuai pelayanan perlu diperbaiki,0
kecewa karena filmnya membosankan minta refund,0
sayang sekali kualitasnya lemot aplikasinya berantakan buang buang uang,0
mantapnya produknya joss terima kasih banyak,1
kecewa karena filmnya buruk bikin kesal,0
masalahnya pelayanannya tidak sesuai makanannya jelek banget menyesal sekali,0
untungnya pelayanannya memuaskan,1
makanannya nyaman mantap jiwa,1
asyiknya fiturnya bagus banget produknya mantap semoga makin sukses,1
untungnya harganya recommended sangat direkomendasikan,1
kecewa karena fiturnya tidak sesuai filmnya error terus sangat kecewa,0
alhamdulillah kualitasnya worth it harganya rapi mantap jiwa,1
sayangnya kualitasnya hambar barangnya jelek banget tidak rekomen,0
rasanya keren barangnya berkualitas tidak menyesal beli,1
masalahnya packingnya mengecewakan produknya buruk,0
masalahnya kualitasnya hambar barangnya kasar kapok beli di sini,0
sayang sekali kualitasnya lemot tidak sesuai harapan,0
alhamdulillah kualitasnya mantap suka sekali,1
puas karena aplikasinya worth it kualitasnya worth it,1
kecewa karena barangnya mahal tidak sebanding kualitasnya kasar menyesal sekali,0
masalahnya harganya hambar desainnya mahal tidak sebanding rugi besar,0
sayang sekali makanannya murahan desainnya jelek banget sangat kecewa,0
kecewa karena rasanya kasar bikin kesal,0
untungnya pengirimannya recommended terima kasih banyak,1
parahnya aplikasinya cacat fiturnya parah minta refund,0
parahnya tempatnya berantakan fiturnya parah bikin kesal,0
senang sekali produknya memuaskan rasanya enak sekali suka sekali,1
alhamdulillah filmnya oke punya harganya luar biasa akan langganan,1
puas karena produknya lengkap harganya sesuai ekspektasi lanjutkan,1
masalahnya fiturnya mengecewakan sangat kecewa,0
kecewa karena desainnya menyebalkan fiturnya buruk menyesal sekali,0
kecewa karena harganya tidak sesuai minta refund,0
masalahnya produknya tidak ramah rugi besar,0
rasanya lemot bikin kesal,0
untungnya kualitasnya sangat membantu puas banget,1
mantapnya pengirimannya rapi rasanya ramah sangat direkomendasikan,1
senang sekali kualitasnya bagus banget makanannya memuaskan puas banget,1
alhamdulillah pelayanannya sangat membantu aplikasinya mantap mantap jiwa,1
kecewa karena tempatnya tidak sesuai tidak sesuai harapan,0
alhamdulillah aplikasinya memuaskan harganya luar biasa akan langganan,1
alhamdulillah fiturnya mantap aplikasinya sesuai ekspektasi puas banget,1
barangnya keren semoga makin sukses,1
kecewa karena packingnya buruk minta refund,0
respon sellernya membosankan zonk,0
alhamdulillah rasanya lengkap makanannya oke punya pokoknya puas,1
puas karena desainnya cepat,1
parahnya harganya cacat buang buang uang,0
kualitasnya oke punya respon sellernya melebihi harapan bakal beli lagi,1
puas karena barangnya lengkap recommended seller,1
asyiknya fiturnya memuaskan the best,1
mantapnya fiturnya cepat akan langganan,1
mantapnya harganya lengkap bakal beli lagi,1
asyiknya harganya luar biasa filmnya keren,1
alhamdulillah packingnya cepat harganya memuaskan lanjutkan,1
untungnya aplikasinya cepat pengirimannya berkualitas sangat direkomendasikan,1
kecewa karena harganya berantakan buang buang uang,0
kecewa karena respon sellernya menyebalkan menyesal sekali,0
sayang sekali produknya tidak sesuai bikin kesal,0
asyiknya kualitasnya melebihi harapan packingnya top markotop,1
harganya tidak original rasanya lambat sangat mengecewakan,0
packingnya membosankan zonk,0
sayang sekali desainnya lama banget packingnya lama banget tidak akan kembali lagi,0
sayangnya makanannya hambar pelayanan perlu diperbaiki,0
sayang sekali produknya buruk zonk,0
pengirimannya kasar bikin kesal,0
puas karena barangnya bagus banget pengirimannya nyaman puas banget,1
parahnya rasanya hambar packingnya hambar tidak sesuai harapan,0
parahnya respon sellernya error terus sangat kecewa,0
kecewa karena tempatnya error terus zonk,0
parahnya kualitasnya jelek banget kapok beli di sini,0
parahnya packingnya berantakan pelayanan perlu diperbaiki,0
pengirimannya oke punya tidak menyesal beli,1
sayangnya packingnya parah tidak rekomen,0
sayang sekali pelayanannya mahal tidak sebanding packingnya jelek banget,0
buruknya packingnya menyebalkan bikin kesal,0
buruknya filmnya buruk tidak sesuai harapan,0
masalahnya packingnya tidak sesuai filmnya parah buang buang uang,0
kecewa karena harganya tidak ramah pelayanan perlu diperbaiki,0
asyiknya desainnya cepat pelayanannya nyaman pokoknya puas,1
mantapnya barangnya joss puas banget,1
parahnya kualitasnya berantakan fiturnya membosankan menyesal sekali,0
rasanya mantap tempatnya lengkap recommended seller,1
sayangnya packingnya rusak minta refund,0
desainnya melebihi harapan rasanya melebihi harapan sangat direkomendasikan,1
pelayanannya tidak sesuai harganya error terus jangan beli,0
parahnya produknya lemot pelayanan perlu diperbaiki,0
sayang sekali desainnya membosankan pengirimannya hambar tidak rekomen,0
tempatnya tidak ramah barangnya cacat sangat mengecewakan,0
pelayanannya hambar minta refund,0
kecewa karena packingnya membosankan rugi besar,0
parahnya filmnya rusak jangan beli,0
sayang sekali makanannya lemot filmnya rusak tidak akan kembali lagi,0
buruknya tempatnya tidak ramah bikin kesal,0
sayang sekali packingnya error terus jangan beli,0
harganya sangat membantu respon sellernya sangat membantu puas banget,1
harganya tidak sesuai sangat mengecewakan,0
fiturnya jelek banget tidak rekomen,0
masalahnya tempatnya lambat kapok beli di sini,0
puas karena respon sellernya mantap the best,1
fiturnya oke punya desainnya sesuai ekspektasi recommended seller,1
senang sekali respon sellernya sesuai ekspektasi harganya enak sekali puas banget,1
barangnya top markotop sangat direkomendasikan,1
sayangnya tempatnya membosankan pengirimannya hambar zonk,0
sayang sekali pelayanannya murahan barangnya lemot bikin kesal,0
mantapnya fiturnya lengkap tidak menyesal beli,1
rasanya mahal tidak sebanding aplikasinya hambar tidak sesuai harapan,0
senang sekali kualitasnya enak sekali puas banget,1
kecewa karena kualitasnya lambat tidak rekomen,0
mantapnya pengirimannya luar biasa harganya oke punya bakal beli lagi,1
asyiknya tempatnya sangat membantu desainnya keren semoga makin sukses,1
puas karena packingnya sangat membantu kualitasnya sesuai ekspektasi recommended seller,1
parahnya respon sellernya tidak original produknya hambar bikin kesal,0
harganya parah sangat mengecewakan,0
puas karena harganya enak sekali barangnya sesuai ekspektasi the best,1
parahnya kualitasnya error terus desainnya tidak original kapok beli di sini,0
harganya parah bikin kesal,0
mantapnya desainnya joss filmnya berkualitas,1
sayangnya fiturnya mengecewakan menyesal sekali,0
senang sekali respon sellernya enak sekali filmnya memuaskan five stars,1
untungnya packingnya top markotop mantap jiwa,1
buruknya packingnya berantakan sangat kecewa,0
buruknya tempatnya membosankan buang buang uang,0
masalahnya pelayanannya tidak original desainnya parah tidak akan kembali lagi,0
puas karena kualitasnya worth it produknya melebihi harapan tidak menyesal beli,1
senang sekali respon sellernya mantap harganya enak sekali sangat direkomendasikan,1
masalahnya respon sellernya membosankan filmnya kasar kapok beli di sini,0
untungnya aplikasinya melebihi harapan tidak menyesal beli,1
mantapnya harganya berkualitas mantap jiwa,1
sayangnya respon sellernya mengecewakan aplikasinya tidak ramah minta refund,0
asyiknya rasanya recommended lanjutkan,1
alhamdulillah filmnya melebihi harapan akan langganan,1
senang sekali pengirimannya nyaman five stars,1
sayangnya harganya buruk pengirimannya berantakan kapok beli di sini,0
parahnya kualitasnya lemot tidak sesuai harapan,0
sayangnya respon sellernya mengecewakan tidak rekomen,0
puas karena barangnya mantap lanjutkan,1
untungnya packingnya bagus banget,1
kecewa karena respon sellernya mengecewakan kapok beli di sini,0
alhamdulillah kualitasnya joss mantap jiwa,1
mantapnya harganya nyaman lanjutkan,1
sayang sekali kualitasnya tidak ramah pelayanan perlu diperbaiki,0
untungnya rasanya bagus banget barangnya mantap terima kasih banyak,1
parahnya fiturnya tidak sesuai respon sellernya kasar zonk,0
asyiknya barangnya worth it recommended seller,1
untungnya barangnya bagus banget recommended seller,1
sayang sekali pelayanannya hambar packingnya buruk zonk,0
sayangnya makanannya lambat rasanya tidak ramah jangan beli,0
buruknya fiturnya lambat sangat kecewa,0
pelayanannya memuaskan lanjutkan,1
packingnya murahan desainnya tidak ramah buang buang uang,0
masalahnya desainnya error terus rasanya murahan tidak rekomen,0
sayangnya tempatnya tidak sesuai bikin kesal,0
puas karena respon sellernya enak sekali semoga makin sukses,1
untungnya pelayanannya sesuai ekspektasi pengirimannya oke punya recommended seller,1
mantapnya kualitasnya recommended desainnya lengkap bakal beli lagi,1
alhamdulillah respon sellernya ramah fiturnya sangat membantu semoga makin sukses,1
kecewa karena pengirimannya cacat packingnya menyebalkan pelayanan perlu diperbaiki,0
sayang sekali makanannya parah,0
alhamdulillah fiturnya keren the best,1
kecewa karena harganya lama banget desainnya menyebalkan minta refund,0
asyiknya harganya lengkap desainnya enak sekali pokoknya puas,1
sayang sekali aplikasinya menyebalkan packingnya tidak ramah tidak rekomen,0
kecewa karena tempatnya lama banget tidak akan kembali lagi,0
parahnya aplikasinya buruk pelayanan perlu diperbaiki,0
barangnya melebihi harapan produknya luar biasa lanjutkan,1
puas karena respon sellernya keren packingnya oke punya suka sekali,1
buruknya kualitasnya rusak sangat kecewa,0
buruknya pengirimannya lambat tidak sesuai harapan,0
tempatnya hambar tidak rekomen,0
mantapnya respon sellernya worth it bakal beli lagi,1
masalahnya aplikasinya lama banget kapok beli di sini,0
senang sekali makanannya top markotop harganya bagus banget mantap jiwa,1
senang sekali harganya oke punya sangat direkomendasikan,1
masalahnya aplikasinya tidak ramah minta refund,0
buruknya produknya mahal tidak sebanding jangan beli,0
barangnya enak sekali mantap jiwa,1
sayangnya produknya rusak pelayanannya parah jangan beli,0
kecewa karena desainnya jelek banget sangat kecewa,0
sayang sekali rasanya buruk aplikasinya error terus tidak rekomen,0
sayangnya barangnya mahal tidak sebanding desainnya tidak original minta refund,0
buruknya desainnya murahan buang buang uang,0
puas karena harganya cepat barangnya lengkap lanjutkan,1
sayangnya desainnya kasar pengirimannya lemot buang buang uang,0
mantapnya tempatnya nyaman pokoknya puas,1
senang sekali tempatnya oke punya,1
kecewa karena harganya membosankan respon sellernya mahal tidak sebanding pelayanan perlu diperbaiki,0
desainnya menyebalkan zonk,0
alhamdulillah harganya recommended tempatnya sesuai ekspektasi lanjutkan,1
masalahnya filmnya mengecewakan aplikasinya lemot sangat kecewa,0
sayang sekali makanannya kasar jangan beli,0
produknya parah rasanya lambat menyesal sekali,0
untungnya fiturnya top markotop aplikasinya bagus banget sangat direkomendasikan,1
buruknya aplikasinya parah minta refund,0
senang sekali makanannya mantap kualitasnya oke punya five stars,1
asyiknya respon sellernya keren puas banget,1
asyiknya produknya top markotop aplikasinya worth it the best,1
kecewa karena produknya berantakan rugi besar,0
puas karena respon sellernya lengkap,1
produknya enak sekali harganya ramah five stars,1
sayang sekali rasanya mahal tidak sebanding bikin kesal,0
rasanya mahal tidak sebanding respon sellernya error terus sangat mengecewakan,0
fiturnya mahal tidak sebanding kapok beli di sini,0
sayang sekali kualitasnya lambat rugi besar,0
makanannya tidak original aplikasinya kasar buang buang uang,0
senang sekali barangnya cepat pengirimannya lengkap akan langganan,1
mantapnya rasanya bagus banget filmnya oke punya,1
pengirimannya melebihi harapan respon sellernya keren akan langganan,1
makanannya ramah aplikasinya enak sekali mantap jiwa,1
barangnya tidak ramah rugi besar,0
alhamdulillah produknya nyaman tempatnya memuaskan akan langganan,1
kecewa karena harganya tidak sesuai tidak sesuai harapan,0
untungnya packingnya melebihi harapan tidak menyesal beli,1
asyiknya fiturnya ramah respon sellernya worth it pokoknya puas,1
kualitasnya rusak produknya hambar sangat mengecewakan,0
packingnya jelek banget produknya kasar zonk,0
senang sekali pelayanannya cepat kualitasnya rapi puas banget,1
sayangnya harganya cacat menyesal sekali,0
kecewa karena fiturnya rusak sangat mengecewakan,0
buruknya packingnya mahal tidak sebanding pengirimannya rusak tidak akan kembali lagi,0
kecewa karena packingnya buruk desainnya jelek banget sangat kecewa,0
masalahnya aplikasinya murahan barangnya tidak original tidak akan kembali lagi,0
kecewa karena aplikasinya jelek banget makanannya mahal tidak sebanding menyesal sekali,0
sayang sekali packingnya lama banget bikin kesal,0
parahnya pelayanannya lambat kualitasnya lambat rugi besar,0
mantapnya harganya worth it filmnya oke punya suka sekali,1
kualitasnya cepat aplikasinya memuaskan tidak menyesal beli,1
kecewa karena pengirimannya buruk fiturnya tidak original kapok beli di sini,0
barangnya parah kualitasnya berantakan,0
barangnya melebihi harapan lanjutkan,1
puas karena makanannya top markotop recommended seller,1
sayang sekali pengirimannya cacat bikin kesal,0
asyiknya rasanya sangat membantu pelayanannya bagus banget lanjutkan,1
alhamdulillah harganya sesuai ekspektasi rasanya enak sekali tidak menyesal beli,1
asyiknya pengirimannya luar biasa mantap jiwa,1
untungnya aplikasinya enak sekali puas banget,1
untungnya packingnya top markotop sangat direkomendasikan,1
puas karena desainnya joss akan langganan,1
alhamdulillah aplikasinya nyaman puas banget,1
senang sekali barangnya enak sekali fiturnya joss suka sekali,1
senang sekali harganya luar biasa puas banget,1
mantapnya barangnya bagus banget tempatnya rapi five stars,1
senang sekali rasanya berkualitas filmnya bagus banget recommended seller,1
parahnya barangnya tidak sesuai harganya murahan minta refund,0
sayangnya desainnya lemot fiturnya parah tidak rekomen,0
masalahnya fiturnya menyebalkan bikin kesal,0
packingnya cacat filmnya tidak original bikin kesal,0
buruknya desainnya membosankan tidak akan kembali lagi,0
puas karena aplikasinya recommended kualitasnya enak sekali five stars,1
buruknya tempatnya mengecewakan sangat mengecewakan,0
asyiknya respon sellernya sesuai ekspektasi,1
sayangnya tempatnya parah kapok beli di sini,0
alhamdulillah desainnya bagus banget terima kasih banyak,1
sayangnya produknya error terus tidak sesuai harapan,0
alhamdulillah filmnya rapi tidak menyesal beli,1
sayang sekali harganya cacat produknya berantakan sangat mengecewakan,0
mantapnya desainnya sesuai ekspektasi semoga makin sukses,1
makanannya lambat sangat kecewa,0
pengirimannya kasar minta refund,0
masalahnya desainnya tidak sesuai respon sellernya mengecewakan sangat mengecewakan,0
asyiknya barangnya rapi sangat direkomendasikan,1
sayang sekali harganya tidak ramah kapok beli di sini,0
parahnya fiturnya berantakan menyesal sekali,0
buruknya pelayanannya berantakan produknya murahan tidak akan kembali lagi,0
harganya lengkap recommended seller,1
untungnya pelayanannya mantap rasanya cepat semoga makin sukses,1
respon sellernya lambat kapok beli di sini,0
parahnya harganya lemot minta refund,0
asyiknya makanannya keren desainnya luar biasa semoga makin sukses,1
sayangnya rasanya parah respon sellernya tidak original tidak sesuai harapan,0
asyiknya aplikasinya luar biasa pengirimannya enak sekali five stars,1
sayang sekali tempatnya tidak original aplikasinya lama banget kapok beli di sini,0
mantapnya harganya lengkap,1
asyiknya produknya memuaskan rasanya melebihi harapan terima kasih banyak,1
mantapnya fiturnya lengkap harganya recommended suka sekali,1
untungnya makanannya berkualitas the best,1
kecewa karena respon sellernya menyebalkan rugi besar,0
senang sekali produknya memuaskan pelayanannya enak sekali,1
asyiknya aplikasinya cepat filmnya sangat membantu,1
alhamdulillah makanannya keren pengirimannya joss terima kasih banyak,1
sayangnya makanannya membosankan packingnya mahal tidak sebanding sangat mengecewakan,0
asyiknya respon sellernya ramah tidak menyesal beli,1
sayangnya pengirimannya tidak ramah kapok beli di sini,0
untungnya tempatnya joss sangat direkomendasikan,1
kecewa karena filmnya mahal tidak sebanding,0
puas karena pelayanannya rapi mantap jiwa,1
masalahnya desainnya tidak sesuai,0
parahnya aplikasinya error terus respon sellernya murahan jangan beli,0
rasanya mahal tidak sebanding kualitasnya mengecewakan menyesal sekali,0
asyiknya makanannya nyaman harganya sangat membantu bakal beli lagi,1
asyiknya rasanya mantap desainnya sesuai ekspektasi the best,1
sayang sekali pelayanannya mengecewakan fiturnya murahan tidak sesuai harapan,0
kecewa karena fiturnya rusak menyesal sekali,0
untungnya makanannya cepat,1
masalahnya aplikasinya lama banget pengirimannya jelek banget buang buang uang,0
untungnya kualitasnya rapi respon sellernya ramah five stars,1
aplikasinya berantakan rugi besar,0
parahnya fiturnya murahan respon sellernya tidak sesuai sangat kecewa,0
buruknya kualitasnya kasar sangat kecewa,0
masalahnya filmnya tidak original zonk,0
barangnya lengkap five stars,1
filmnya sesuai ekspektasi aplikasinya top markotop recommended seller,1
buruknya filmnya lambat barangnya parah bikin kesal,0
kecewa karena tempatnya murahan zonk,0
masalahnya rasanya hambar aplikasinya mengecewakan bikin kesal,0
puas karena pengirimannya cepat produknya mantap semoga makin sukses,1
masalahnya pelayanannya kasar kualitasnya tidak original jangan beli,0
buruknya fiturnya error terus pelayanannya buruk menyesal sekali,0
puas karena aplikasinya enak sekali terima kasih banyak,1
sayangnya rasanya kasar pengirimannya error terus menyesal sekali,0
senang sekali kualitasnya sangat membantu pokoknya puas,1
sayang sekali respon sellernya murahan pengirimannya lambat tidak sesuai harapan,0
puas karena barangnya lengkap terima kasih banyak,1
untungnya respon sellernya lengkap filmnya sangat membantu lanjutkan,1
packingnya top markotop filmnya rapi suka sekali,1
mantapnya barangnya keren pengirimannya luar biasa lanjutkan,1
pelayanannya recommended packingnya nyaman five stars,1
tempatnya rapi barangnya oke punya puas banget,1
senang sekali fiturnya ramah five stars,1
parahnya produknya hambar tidak sesuai harapan,0
untungnya pelayanannya rapi bakal beli lagi,1
kecewa karena respon sellernya lemot tidak akan kembali lagi,0
kecewa karena respon sellernya tidak original packingnya mahal tidak sebanding zonk,0
mantapnya tempatnya bagus banget suka sekali,1
senang sekali tempatnya top markotop lanjutkan,1
masalahnya filmnya rusak jangan beli,0
sayang sekali desainnya cacat sangat mengecewakan,0
senang sekali barangnya luar biasa tidak menyesal beli,1
alhamdulillah fiturnya luar biasa semoga makin sukses,1
asyiknya pelayanannya recommended five stars,1
sayang sekali produknya rusak sangat mengecewakan,0
senang sekali respon sellernya recommended recommended seller,1
masalahnya desainnya berantakan tempatnya mengecewakan sangat kecewa,0
kecewa karena aplikasinya lemot rugi besar,0
masalahnya pelayanannya rusak packingnya cacat rugi besar,0
kecewa karena pelayanannya tidak original bikin kesal,0
sayang sekali respon sellernya cacat aplikasinya membosankan bikin kesal,0
mantapnya harganya ramah bakal beli lagi,1
sayangnya kualitasnya lemot kapok beli di sini,0
produknya luar biasa aplikasinya nyaman,1
buruknya pengirimannya tidak ramah,0
sayangnya desainnya jelek banget produknya menyebalkan menyesal sekali,0
senang sekali pelayanannya joss produknya mantap suka sekali,1
pengirimannya ramah bakal beli lagi,1
buruknya kualitasnya error terus tidak sesuai harapan,0
senang sekali harganya top markotop desainnya keren semoga makin sukses,1
sayang sekali fiturnya tidak sesuai rasanya berantakan buang buang uang,0
alhamdulillah aplikasinya cepat,1
masalahnya aplikasinya parah fiturnya berantakan rugi besar,0
aplikasinya sesuai ekspektasi akan langganan,1
mantapnya tempatnya rapi terima kasih banyak,1
untungnya filmnya sangat membantu barangnya cepat terima kasih banyak,1
mantapnya pelayanannya top markotop rasanya top markotop suka sekali,1
packingnya melebihi harapan mantap jiwa,1
senang sekali harganya melebihi harapan makanannya oke punya the best,1
sayangnya fiturnya tidak sesuai pelayanan perlu diperbaiki,0
kecewa karena makanannya cacat respon sellernya mengecewakan tidak rekomen,0
asyiknya filmnya recommended five stars,1
sayangnya packingnya kasar makanannya mengecewakan kapok beli di sini,0
filmnya keren fiturnya luar biasa tidak menyesal beli,1
kecewa karena respon sellernya membosankan filmnya membosankan tidak rekomen,0
alhamdulillah barangnya mantap makanannya lengkap lanjutkan,1
sayangnya desainnya menyebalkan filmnya error terus tidak sesuai harapan,0
respon sellernya lama banget aplikasinya tidak sesuai tidak sesuai harapan,0
sayang sekali respon sellernya tidak original makanannya mengecewakan pelayanan perlu diperbaiki,0
buruknya barangnya jelek banget pengirimannya murahan sangat kecewa,0
untungnya pengirimannya lengkap fiturnya sesuai ekspektasi suka sekali,1
alhamdulillah harganya berkualitas produknya mantap suka sekali,1
untungnya kualitasnya ramah lanjutkan,1
untungnya filmnya cepat makanannya sangat membantu puas banget,1
senang sekali makanannya mantap recommended seller,1
sayangnya rasanya tidak original rugi besar,0
puas karena tempatnya nyaman packingnya melebihi harapan tidak menyesal beli,1
sayangnya desainnya murahan tidak akan kembali lagi,0
buruknya filmnya lama banget respon sellernya rusak jangan beli,0
masalahnya packingnya tidak sesuai pelayanan perlu diperbaiki,0
packingnya berantakan menyesal sekali,0
untungnya packingnya sesuai ekspektasi sangat direkomendasikan,1
parahnya kualitasnya berantakan tidak rekomen,0
kecewa karena kualitasnya jelek banget barangnya tidak ramah tidak rekomen,0
senang sekali tempatnya mantap five stars,1
masalahnya produknya cacat filmnya lama banget sangat kecewa,0
sayangnya pengirimannya mengecewakan,0
mantapnya makanannya cepat filmnya joss mantap jiwa,1
respon sellernya membosankan desainnya error terus,0
puas karena kualitasnya joss the best,1
masalahnya rasanya rusak minta refund,0
puas karena kualitasnya cepat pelayanannya enak sekali suka sekali,1
makanannya enak sekali five stars,1
puas karena harganya lengkap terima kasih banyak,1
parahnya tempatnya tidak ramah sangat mengecewakan,0
asyiknya pelayanannya luar biasa,1
alhamdulillah desainnya lengkap,1
puas karena fiturnya recommended pelayanannya berkualitas tidak menyesal beli,1
parahnya produknya membosankan buang buang uang,0
alhamdulillah packingnya bagus banget tidak menyesal beli,1
masalahnya filmnya mengecewakan desainnya buruk buang buang uang,0
asyiknya barangnya enak sekali recommended seller,1
buruknya barangnya lama banget respon sellernya murahan rugi besar,0
mantapnya kualitasnya mantap harganya lengkap tidak menyesal beli,1
mantapnya makanannya sangat membantu sangat direkomendasikan,1
mantapnya kualitasnya sesuai ekspektasi mantap jiwa,1
buruknya rasanya rusak pelayanan perlu diperbaiki,0
sayang sekali makanannya lemot tidak rekomen,0
kecewa karena kualitasnya lambat produknya mengecewakan pelayanan perlu diperbaiki,0
puas karena respon sellernya keren barangnya worth it lanjutkan,1
fiturnya enak sekali,1
makanannya lambat buang buang uang,0
asyiknya barangnya mantap lanjutkan,1
senang sekali packingnya worth it pengirimannya sesuai ekspektasi,1
senang sekali fiturnya oke punya semoga makin sukses,1
sayangnya desainnya lambat fiturnya jelek banget,0
senang sekali packingnya sesuai ekspektasi bakal beli lagi,1
untungnya barangnya enak sekali produknya sangat membantu puas banget,1
puas karena pengirimannya lengkap harganya rapi suka sekali,1
mantapnya harganya ramah five stars,1
makanannya mengecewakan rasanya lemot rugi besar,0
produknya lemot packingnya mahal tidak sebanding minta refund,0
sayangnya produknya error terus sangat mengecewakan,0
puas karena tempatnya nyaman desainnya lengkap puas banget,1
asyiknya fiturnya oke punya suka sekali,1
sayang sekali pengirimannya jelek banget pelayanannya lama banget sangat mengecewakan,0
sayang sekali makanannya menyebalkan aplikasinya buruk zonk,0
untungnya packingnya ramah produknya sesuai ekspektasi suka sekali,1
masalahnya produknya tidak sesuai tidak rekomen,0
alhamdulillah fiturnya worth it aplikasinya luar biasa sangat direkomendasikan,1
parahnya desainnya parah tidak rekomen,0
asyiknya barangnya enak sekali kualitasnya enak sekali terima kasih banyak,1
untungnya pengirimannya luar biasa sangat direkomendasikan,1
buruknya fiturnya jelek banget buang buang uang,0
masalahnya fiturnya berantakan sangat mengecewakan,0
sayangnya desainnya lambat pelayanan perlu diperbaiki,0
puas karena pelayanannya top markotop rasanya nyaman sangat direkomendasikan,1
alhamdulillah barangnya ramah semoga makin sukses,1
makanannya keren the best,1
desainnya top markotop the best,1
alhamdulillah barangnya top markotop mantap jiwa,1
sayangnya aplikasinya tidak ramah makanannya rusak tidak akan kembali lagi,0
kecewa karena fiturnya jelek banget pelayanannya berantakan zonk,0
sayang sekali pelayanannya murahan minta refund,0
sayangnya aplikasinya cacat tidak akan kembali lagi,0
parahnya produknya lambat makanannya murahan kapok beli di sini,0
sayang sekali pengirimannya tidak sesuai makanannya jelek banget,0
untungnya makanannya rapi suka sekali,1
buruknya desainnya menyebalkan rasanya parah sangat mengecewakan,0
kecewa karena kualitasnya lama banget pelayanannya lambat buang buang uang,0
untungnya fiturnya ramah packingnya lengkap bakal beli lagi,1
sayang sekali pelayanannya lemot rugi besar,0
asyiknya respon sellernya sesuai ekspektasi aplikasinya cepat the best,1
sayang sekali pelayanannya membosankan respon sellernya membosankan kapok beli di sini,0
sayangnya respon sellernya kasar tidak sesuai harapan,0
masalahnya harganya error terus rasanya parah rugi besar,0
untungnya packingnya luar biasa desainnya berkualitas puas banget,1
senang sekali fiturnya keren lanjutkan,1
puas karena makanannya top markotop tempatnya nyaman recommended seller,1
sayangnya fiturnya tidak sesuai zonk,0
senang sekali filmnya worth it akan langganan,1
puas karena desainnya recommended recommended seller,1
asyiknya aplikasinya sangat membantu filmnya berkualitas,1
alhamdulillah rasanya sangat membantu pokoknya puas,1
senang sekali harganya cepat semoga makin sukses,1
parahnya rasanya parah desainnya tidak original tidak rekomen,0
untungnya fiturnya cepat aplikasinya bagus banget lanjutkan,1
barangnya rusak pengirimannya murahan tidak akan kembali lagi,0
mantapnya filmnya lengkap aplikasinya melebihi harapan pokoknya puas,1
masalahnya pengirimannya membosankan packingnya error terus tidak sesuai harapan,0
kecewa karena fiturnya buruk produknya berantakan kapok beli di sini,0
sayang sekali barangnya kasar produknya hambar sangat mengecewakan,0
puas karena filmnya berkualitas five stars,1
buruknya fiturnya menyebalkan bikin kesal,0
sayangnya packingnya menyebalkan fiturnya tidak ramah bikin kesal,0
sayangnya kualitasnya jelek banget zonk,0
buruknya pelayanannya kasar pengirimannya error terus minta refund,0
buruknya makanannya kasar jangan beli,0
parahnya filmnya menyebalkan pengirimannya murahan tidak sesuai harapan,0
senang sekali kualitasnya sangat membantu puas banget,1
alhamdulillah rasanya worth it filmnya joss sangat direkomendasikan,1
alhamdulillah tempatnya luar biasa mantap jiwa,1
sayang sekali pelayanannya hambar menyesal sekali,0
kecewa karena filmnya berantakan harganya murahan pelayanan perlu diperbaiki,0
parahnya fiturnya tidak sesuai respon sellernya mahal tidak sebanding kapok beli di sini,0
kecewa karena produknya lemot minta refund,0
untungnya desainnya joss barangnya recommended pokoknya puas,1
masalahnya produknya mahal tidak sebanding kapok beli di sini,0
buruknya packingnya lemot makanannya hambar bikin kesal,0
respon sellernya jelek banget pelayanan perlu diperbaiki,0
desainnya mengecewakan respon sellernya mengecewakan tidak rekomen,0
asyiknya respon sellernya nyaman the best,1
puas karena respon sellernya sangat membantu tempatnya joss mantap jiwa,1
untungnya tempatnya nyaman kualitasnya keren bakal beli lagi,1
puas karena aplikasinya recommended fiturnya berkualitas sangat direkomendasikan,1
sayangnya kualitasnya mengecewakan rugi besar,0
produknya rusak sangat mengecewakan,0
parahnya harganya lambat zonk,0
packingnya murahan tidak rekomen,0
pelayanannya oke punya akan langganan,1
sayang sekali respon sellernya lambat tidak sesuai harapan,0
masalahnya rasanya tidak sesuai barangnya tidak ramah jangan beli,0
mantapnya aplikasinya nyaman tidak menyesal beli,1
kecewa karena pelayanannya murahan tidak rekomen,0
parahnya pengirimannya error terus tempatnya buruk tidak rekomen,0
senang sekali respon sellernya oke punya aplikasinya recommended five stars,1
mantapnya fiturnya keren produknya berkualitas mantap jiwa,1
kecewa karena barangnya mahal tidak sebanding kualitasnya jelek banget jangan beli,0
parahnya aplikasinya kasar sangat kecewa,0
puas karena harganya recommended lanjutkan,1
sayangnya fiturnya menyebalkan tempatnya mahal tidak sebanding menyesal sekali,0
puas karena respon sellernya berkualitas pengirimannya keren pokoknya puas,1
mantapnya packingnya luar biasa desainnya joss semoga makin sukses,1
buruknya harganya lambat produknya lambat sangat mengecewakan,0
masalahnya rasanya mahal tidak sebanding desainnya murahan tidak sesuai harapan,0
parahnya harganya buruk tidak rekomen,0
senang sekali harganya bagus banget akan langganan,1
alhamdulillah pengirimannya recommended fiturnya recommended the best,1
sayangnya packingnya lemot respon sellernya kasar tidak akan kembali lagi,0
masalahnya pelayanannya tidak ramah pengirimannya berantakan zonk,0
mantapnya produknya memuaskan filmnya luar biasa pokoknya puas,1
senang sekali kualitasnya keren fiturnya sesuai ekspektasi bakal beli lagi,1
mantapnya pelayanannya sangat membantu packingnya memuaskan pokoknya puas,1
mantapnya kualitasnya melebihi harapan harganya luar biasa akan langganan,1
masalahnya packingnya rusak tempatnya error terus kapok beli di sini,0
puas karena filmnya worth it the best,1
senang sekali filmnya recommended respon sellernya enak sekali sangat direkomendasikan,1
mantapnya tempatnya lengkap makanannya berkualitas puas banget,1
asyiknya produknya top markotop rasanya ramah five stars,1
asyiknya pelayanannya melebihi harapan pengirimannya melebihi harapan the best,1
harganya luar biasa the best,1
untungnya packingnya nyaman desainnya rapi five stars,1
aplikasinya bagus banget packingnya lengkap,1
desainnya cacat tidak akan kembali lagi,0
untungnya fiturnya rapi desainnya joss five stars,1
sayangnya pelayanannya murahan sangat kecewa,0
asyiknya desainnya sesuai ekspektasi the best,1
untungnya produknya keren terima kasih banyak,1
sayang sekali pelayanannya hambar kapok beli di sini,0
puas karena produknya luar biasa terima kasih banyak,1
buruknya tempatnya membosankan rasanya berantakan jangan beli,0
kecewa karena respon sellernya error terus packingnya lemot rugi besar,0
senang sekali filmnya berkualitas akan langganan,1
asyiknya rasanya lengkap terima kasih banyak,1
masalahnya desainnya lama banget kapok beli di sini,0
kecewa karena produknya murahan makanannya lemot zonk,0
masalahnya kualitasnya error terus sangat mengecewakan,0
sayangnya filmnya lambat zonk,0
makanannya tidak original sangat kecewa,0
kualitasnya recommended packingnya mantap pokoknya puas,1
produknya mantap tempatnya enak sekali five stars,1
untungnya rasanya mantap pelayanannya bagus banget sangat direkomendasikan,1
puas karena makanannya berkualitas barangnya recommended bakal beli lagi,1
senang sekali harganya bagus banget rasanya ramah pokoknya puas,1
kecewa karena barangnya parah menyesal sekali,0
buruknya pengirimannya murahan zonk,0
produknya joss five stars,1
buruknya respon sellernya hambar fiturnya lambat minta refund,0
alhamdulillah pengirimannya mantap harganya recommended mantap jiwa,1
asyiknya respon sellernya keren filmnya sesuai ekspektasi,1
kecewa karena pengirimannya tidak ramah respon sellernya membosankan zonk,0
aplikasinya nyaman rasanya recommended lanjutkan,1
alhamdulillah tempatnya keren barangnya oke punya tidak menyesal beli,1
untungnya aplikasinya sangat membantu sangat direkomendasikan,1
mantapnya harganya sangat membantu desainnya worth it puas banget,1
asyiknya aplikasinya top markotop desainnya melebihi harapan five stars,1
parahnya pelayanannya buruk barangnya jelek banget zonk,0
parahnya kualitasnya buruk kapok beli di sini,0
sayang sekali rasanya tidak sesuai kualitasnya lama banget tidak rekomen,0
barangnya lama banget respon sellernya buruk tidak sesuai harapan,0
sayangnya packingnya tidak sesuai fiturnya lemot tidak rekomen,0
masalahnya pelayanannya mengecewakan tidak sesuai harapan,0
mantapnya makanannya bagus banget the best,1
mantapnya pengirimannya enak sekali the best,1
mantapnya pengirimannya berkualitas barangnya luar biasa suka sekali,1
senang sekali rasanya berkualitas filmnya nyaman puas banget,1
sayang sekali kualitasnya rusak filmnya membosankan rugi besar,0
kecewa karena harganya mahal tidak sebanding makanannya tidak ramah tidak sesuai harapan,0
puas karena filmnya enak sekali,1
sayang sekali kualitasnya buruk menyesal sekali,0
sayangnya pengirimannya mengecewakan bikin kesal,0
asyiknya tempatnya bagus banget produknya recommended suka sekali,1
alhamdulillah barangnya berkualitas produknya sangat membantu recommended seller,1
mantapnya kualitasnya recommended makanannya joss lanjutkan,1
alhamdulillah kualitasnya oke punya puas banget,1
masalahnya pengirimannya tidak ramah rasanya rusak kapok beli di sini,0
untungnya packingnya joss akan langganan,1
puas karena makanannya mantap rasanya rapi terima kasih banyak,1
asyiknya produknya sesuai ekspektasi packingnya ramah terima kasih banyak,1
sayangnya harganya lambat kualitasnya parah sangat kecewa,0
senang sekali packingnya ramah tidak menyesal beli,1
buruknya respon sellernya murahan harganya parah jangan beli,0
sayangnya filmnya hambar bikin kesal,0
mantapnya rasanya sesuai ekspektasi,1
parahnya produknya cacat jangan beli,0
kualitasnya oke punya the best,1
kecewa karena kualitasnya kasar bikin kesal,0
buruknya barangnya lemot jangan beli,0
mantapnya fiturnya berkualitas barangnya oke punya semoga makin sukses,1
kecewa karena produknya jelek banget rasanya lemot tidak akan kembali lagi,0
senang sekali filmnya ramah desainnya memuaskan semoga makin sukses,1
makanannya cepat five stars,1
asyiknya barangnya mantap akan langganan,1
alhamdulillah pelayanannya cepat produknya melebihi harapan the best,1
sayangnya makanannya murahan buang buang uang,0
buruknya desainnya tidak ramah jangan beli,0
fiturnya worth it lanjutkan,1
senang sekali pengirimannya bagus banget akan langganan,1
kecewa karena filmnya hambar pelayanan perlu diperbaiki,0
sayangnya rasanya error terus pengirimannya tidak ramah minta refund,0
untungnya pelayanannya cepat harganya memuaskan the best,1
aplikasinya rusak sangat kecewa,0
barangnya error terus kapok beli di sini,0
asyiknya desainnya memuaskan aplikasinya lengkap suka sekali,1
mantapnya fiturnya bagus banget lanjutkan,1
asyiknya makanannya ramah mantap jiwa,1
sayang sekali rasanya buruk makanannya menyebalkan bikin kesal,0
puas karena harganya cepat aplikasinya top markotop five stars,1
masalahnya tempatnya membosankan fiturnya mengecewakan sangat kecewa,0
parahnya rasanya tidak original packingnya murahan rugi besar,0
rasanya hambar buang buang uang,0
mantapnya desainnya sangat membantu akan langganan,1
buruknya makanannya cacat produknya tidak ramah zonk,0
sayangnya makanannya murahan tidak rekomen,0
buruknya packingnya buruk sangat kecewa,0
parahnya fiturnya mengecewakan harganya tidak original rugi besar,0
harganya melebihi harapan respon sellernya mantap sangat direkomendasikan,1
mantapnya rasanya oke punya filmnya berkualitas terima kasih banyak,1
senang sekali respon sellernya joss semoga makin sukses,1
untungnya packingnya sangat membantu kualitasnya recommended lanjutkan,1
asyiknya aplikasinya recommended semoga makin sukses,1
filmnya mantap terima kasih banyak,1
asyiknya packingnya recommended suka sekali,1
desainnya nyaman pokoknya puas,1
sayang sekali filmnya membosankan rugi besar,0
buruknya filmnya murahan harganya tidak original rugi besar,0
buruknya makanannya parah desainnya parah tidak akan kembali lagi,0
parahnya packingnya berantakan pengirimannya hambar tidak akan kembali lagi,0
alhamdulillah pelayanannya worth it filmnya luar biasa recommended seller,1
makanannya melebihi harapan desainnya mantap suka sekali,1
kecewa karena pengirimannya tidak ramah tidak rekomen,0
puas karena pelayanannya worth it respon sellernya bagus banget,1
mantapnya tempatnya keren pengirimannya mantap bakal beli lagi,1
puas karena fiturnya melebihi harapan semoga makin sukses,1
sayangnya harganya tidak sesuai respon sellernya mahal tidak sebanding sangat mengecewakan,0
respon sellernya mengecewakan jangan beli,0
asyiknya rasanya top markotop akan langganan,1
sayang sekali kualitasnya error terus bikin kesal,0
alhamdulillah pelayanannya mantap bakal beli lagi,1
mantapnya pelayanannya oke punya bakal beli lagi,1
sayang sekali produknya mengecewakan minta refund,0
asyiknya packingnya keren suka sekali,1
senang sekali pelayanannya mantap mantap jiwa,1
masalahnya aplikasinya mengecewakan fiturnya error terus,0
untungnya kualitasnya worth it packingnya melebihi harapan terima kasih banyak,1
sayang sekali desainnya parah pelayanan perlu diperbaiki,0
sayangnya filmnya murahan pengirimannya kasar tidak akan kembali lagi,0
produknya berantakan jangan beli,0
alhamdulillah makanannya top markotop packingnya enak sekali akan langganan,1
masalahnya harganya tidak ramah filmnya hambar tidak sesuai harapan,0
untungnya aplikasinya recommended akan langganan,1
kecewa karena tempatnya lemot filmnya kasar pelayanan perlu diperbaiki,0
kecewa karena pelayanannya menyebalkan zonk,0
buruknya desainnya lambat pelayanan perlu diperbaiki,0
barangnya melebihi harapan puas banget,1
asyiknya packingnya rapi puas banget,1
sayangnya barangnya error terus desainnya mahal tidak sebanding,0
sayangnya pengirimannya rusak kualitasnya rusak bikin kesal,0
alhamdulillah produknya cepat five stars,1
masalahnya harganya hambar aplikasinya membosankan zonk,0
sayangnya packingnya tidak ramah tidak rekomen,0
mantapnya filmnya sesuai ekspektasi fiturnya sangat membantu,1
buruknya rasanya cacat respon sellernya kasar minta refund,0
buruknya kualitasnya tidak original menyesal sekali,0
asyiknya harganya nyaman lanjutkan,1
rasanya error terus tidak akan kembali lagi,0
masalahnya makanannya rusak bikin kesal,0
parahnya rasanya cacat zonk,0
mantapnya pelayanannya enak sekali five stars,1
alhamdulillah desainnya sesuai ekspektasi akan langganan,1
masalahnya fiturnya berantakan,0
puas karena kualitasnya rapi harganya nyaman recommended seller,1
sayang sekali desainnya kasar barangnya mengecewakan buang buang uang,0
sayang sekali pengirimannya mahal tidak sebanding harganya hambar jangan beli,0
masalahnya barangnya berantakan pelayanannya jelek banget menyesal sekali,0
kecewa karena desainnya error terus bikin kesal,0
asyiknya barangnya memuaskan aplikasinya joss,1
fiturnya kasar pengirimannya lemot jangan beli,0
buruknya pengirimannya tidak original,0
masalahnya pelayanannya berantakan respon sellernya mengecewakan sangat kecewa,0
mantapnya pengirimannya keren terima kasih banyak,1
mantapnya aplikasinya cepat akan langganan,1
asyiknya makanannya worth it harganya enak sekali puas banget,1
sayangnya rasanya hambar,0
senang sekali harganya top markotop tidak menyesal beli,1
puas karena makanannya luar biasa semoga makin sukses,1
asyiknya kualitasnya sesuai ekspektasi makanannya lengkap lanjutkan,1
puas karena desainnya enak sekali semoga makin sukses,1
parahnya produknya lambat respon sellernya jelek banget pelayanan perlu diperbaiki,0
puas karena makanannya sangat membantu fiturnya oke punya puas banget,1
alhamdulillah makanannya recommended terima kasih banyak,1
untungnya packingnya oke punya sangat direkomendasikan,1
parahnya packingnya hambar rugi besar,0
kecewa karena produknya lama banget rasanya cacat pelayanan perlu diperbaiki,0
parahnya packingnya membosankan pelayanan perlu diperbaiki,0
mantapnya filmnya memuaskan aplikasinya luar biasa terima kasih banyak,1
masalahnya desainnya buruk pelayanannya membosankan buang buang uang,0
untungnya rasanya luar biasa semoga makin sukses,1
senang sekali produknya ramah bakal beli lagi,1
sayang sekali fiturnya lama banget harganya tidak ramah bikin kesal,0
untungnya respon sellernya cepat aplikasinya enak sekali puas banget,1
puas karena filmnya berkualitas packingnya luar biasa pokoknya puas,1
alhamdulillah produknya joss sangat direkomendasikan,1
untungnya makanannya enak sekali respon sellernya recommended the best,1
masalahnya pelayanannya tidak sesuai minta refund,0
masalahnya desainnya tidak sesuai pelayanannya mengecewakan tidak rekomen,0
sayangnya produknya mengecewakan kapok beli di sini,0
buruknya tempatnya error terus desainnya error terus minta refund,0
mantapnya harganya rapi akan langganan,1
sayang sekali filmnya kasar buang buang uang,0
alhamdulillah fiturnya berkualitas rasanya ramah recommended seller,1
sayangnya fiturnya lambat kapok beli di sini,0
parahnya filmnya tidak original menyesal sekali,0
puas karena produknya oke punya akan langganan,1
produknya keren pelayanannya luar biasa terima kasih banyak,1
mantapnya makanannya cepat kualitasnya lengkap puas banget,1
untungnya makanannya memuaskan desainnya bagus banget bakal beli lagi,1
alhamdulillah produknya enak sekali pelayanannya enak sekali tidak menyesal beli,1
sayangnya barangnya jelek banget zonk,0
buruknya tempatnya cacat makanannya tidak ramah tidak rekomen,0
mantapnya makanannya sangat membantu harganya sesuai ekspektasi puas banget,1
sayang sekali rasanya mengecewakan filmnya mahal tidak sebanding sangat kecewa,0
kecewa karena fiturnya cacat sangat mengecewakan,0
puas karena kualitasnya berkualitas respon sellernya worth it akan langganan,1
mantapnya fiturnya rapi aplikasinya melebihi harapan sangat direkomendasikan,1
buruknya fiturnya murahan rasanya membosankan rugi besar,0
parahnya packingnya lama banget tidak akan kembali lagi,0
parahnya harganya rusak pelayanan perlu diperbaiki,0
senang sekali barangnya ramah suka sekali,1
asyiknya kualitasnya sesuai ekspektasi pokoknya puas,1
kecewa karena rasanya tidak original filmnya berantakan rugi besar,0
untungnya aplikasinya enak sekali pelayanannya enak sekali five stars,1
parahnya aplikasinya lemot respon sellernya parah rugi besar,0
packingnya hambar pelayanan perlu diperbaiki,0
mantapnya aplikasinya ramah rasanya worth it the best,1
senang sekali filmnya bagus banget akan langganan,1
kecewa karena rasanya buruk sangat mengecewakan,0
asyiknya aplikasinya bagus banget suka sekali,1
puas karena pengirimannya ramah semoga makin sukses,1
buruknya harganya murahan pengirimannya kasar sangat mengecewakan,0
sayangnya makanannya hambar bikin kesal,0
senang sekali aplikasinya top markotop tidak menyesal beli,1
sayangnya pengirimannya mengecewakan pelayanan perlu diperbaiki,0
sayang sekali tempatnya parah kualitasnya lambat zonk,0
sayangnya rasanya mahal tidak sebanding sangat mengecewakan,0
parahnya harganya mengecewakan rugi besar,0
kecewa karena filmnya hambar desainnya berantakan sangat mengecewakan,0
sayang sekali produknya mahal tidak sebanding pelayanannya tidak ramah pelayanan perlu diperbaiki,0
asyiknya produknya recommended akan langganan,1
sayang sekali filmnya berantakan bikin kesal,0
parahnya kualitasnya buruk aplikasinya kasar kapok beli di sini,0
kecewa karena rasanya lambat tidak sesuai harapan,0
masalahnya desainnya tidak sesuai tempatnya membosankan pelayanan perlu diperbaiki,0
buruknya harganya kasar pengirimannya murahan tidak rekomen,0
masalahnya tempatnya jelek banget minta refund,0
puas karena aplikasinya berkualitas tidak menyesal beli,1
buruknya pengirimannya mahal tidak sebanding pelayanan perlu diperbaiki,0
masalahnya fiturnya cacat kualitasnya jelek banget rugi besar,0
mantapnya kualitasnya luar biasa tempatnya ramah,1
alhamdulillah kualitasnya ramah fiturnya memuaskan puas banget,1
buruknya filmnya murahan pelayanannya lambat bikin kesal,0
buruknya produknya parah rasanya kasar tidak rekomen,0
untungnya fiturnya joss filmnya worth it mantap jiwa,1
parahnya filmnya kasar makanannya parah zonk,0
sayangnya packingnya cacat filmnya cacat tidak rekomen,0
produknya berkualitas rasanya recommended recommended seller,1
kualitasnya error terus aplikasinya error terus rugi besar,0
asyiknya rasanya joss kualitasnya cepat semoga makin sukses,1
buruknya desainnya mengecewakan rugi besar,0
puas karena produknya sesuai ekspektasi kualitasnya top markotop semoga makin sukses,1
masalahnya packingnya buruk respon sellernya lama banget buang buang uang,0
asyiknya makanannya memuaskan mantap jiwa,1
sayangnya aplikasinya hambar makanannya mengecewakan rugi besar,0
sayangnya pengirimannya kasar kualitasnya tidak original jangan beli,0
mantapnya harganya recommended makanannya ramah semoga makin sukses,1
makanannya mengecewakan packingnya error terus jangan beli,0
mantapnya rasanya ramah respon sellernya joss puas banget,1
untungnya desainnya joss harganya luar biasa bakal beli lagi,1
parahnya tempatnya murahan tidak rekomen,0
respon sellernya error terus zonk,0
pengirimannya tidak sesuai filmnya tidak sesuai tidak akan kembali lagi,0
asyiknya respon sellernya oke punya five stars,1
masalahnya filmnya parah rasanya jelek banget jangan beli,0
sayangnya packingnya jelek banget buang buang uang,0
masalahnya makanannya lama banget harganya rusak minta refund,0
senang sekali produknya ramah kualitasnya nyaman terima kasih banyak,1
senang sekali fiturnya berkualitas,1
parahnya barangnya mengecewakan pelayanannya hambar sangat kecewa,0
sayangnya kualitasnya berantakan filmnya hambar menyesal sekali,0
puas karena kualitasnya joss sangat direkomendasikan,1
parahnya packingnya cacat pengirimannya murahan jangan beli,0
masalahnya packingnya membosankan desainnya membosankan sangat mengecewakan,0
sayangnya barangnya error terus kapok beli di sini,0
puas karena respon sellernya oke punya makanannya nyaman puas banget,1
buruknya desainnya membosankan tempatnya lemot kapok beli di sini,0
puas karena respon sellernya lengkap produknya sangat membantu lanjutkan,1
asyiknya respon sellernya memuaskan lanjutkan,1
alhamdulillah produknya enak sekali sangat direkomendasikan,1
alhamdulillah makanannya cepat barangnya enak sekali semoga makin sukses,1
sayangnya respon sellernya hambar makanannya lambat tidak rekomen,0
asyiknya filmnya sesuai ekspektasi tempatnya berkualitas recommended seller,1
sayang sekali pengirimannya lambat kapok beli di sini,0
senang sekali desainnya sangat membantu produknya bagus banget the best,1
tempatnya rapi respon sellernya recommended puas banget,1
buruknya rasanya buruk respon sellernya kasar sangat kecewa,0
buruknya aplikasinya rusak barangnya berantakan zonk,0
kecewa karena harganya jelek banget desainnya error terus zonk,0
untungnya makanannya oke punya lanjutkan,1
mantapnya respon sellernya top markotop kualitasnya cepat,1
puas karena kualitasnya top markotop tidak menyesal beli,1
sayangnya packingnya tidak sesuai rasanya kasar sangat mengecewakan,0
filmnya lengkap,1
alhamdulillah produknya sesuai ekspektasi makanannya keren terima kasih banyak,1
puas karena respon sellernya mantap barangnya keren sangat direkomendasikan,1
asyiknya pelayanannya lengkap filmnya enak sekali tidak menyesal beli,1
puas karena harganya joss recommended seller,1
senang sekali desainnya mantap aplikasinya oke punya the best,1
mantapnya produknya mantap pokoknya puas,1
sayangnya aplikasinya menyebalkan pelayanan perlu diperbaiki,0
alhamdulillah makanannya joss bakal beli lagi,1
senang sekali pengirimannya keren harganya enak sekali terima kasih banyak,1
kualitasnya buruk pelayanannya kasar tidak sesuai harapan,0
sayangnya kualitasnya tidak original rasanya rusak minta refund,0
parahnya produknya kasar menyesal sekali,0
buruknya barangnya tidak ramah filmnya hambar kapok beli di sini,0
buruknya pelayanannya lambat harganya jelek banget tidak sesuai harapan,0
senang sekali pelayanannya enak sekali five stars,1
sayang sekali pelayanannya tidak ramah pengirimannya lemot sangat mengecewakan,0
untungnya pengirimannya worth it packingnya memuaskan tidak menyesal beli,1
respon sellernya mantap harganya lengkap tidak menyesal beli,1
buruknya produknya kasar zonk,0
asyiknya kualitasnya bagus banget puas banget,1
asyiknya pengirimannya oke punya filmnya berkualitas semoga makin sukses,1
alhamdulillah fiturnya melebihi harapan kualitasnya memuaskan pokoknya puas,1
masalahnya filmnya mengecewakan sangat mengecewakan,0
sayang sekali pelayanannya jelek banget barangnya lemot pelayanan perlu diperbaiki,0
alhamdulillah tempatnya worth it filmnya lengkap puas banget,1
untungnya fiturnya memuaskan tempatnya joss terima kasih banyak,1
kecewa karena fiturnya buruk tempatnya berantakan tidak akan kembali lagi,0
sayang sekali tempatnya tidak sesuai fiturnya murahan minta refund,0
mantapnya filmnya worth it rasanya luar biasa,1
puas karena produknya cepat akan langganan,1
parahnya respon sellernya lemot kualitasnya tidak ramah minta refund,0
buruknya pengirimannya cacat menyesal sekali,0
sayangnya barangnya menyebalkan fiturnya error terus kapok beli di sini,0
kecewa karena barangnya lambat jangan beli,0
senang sekali harganya keren barangnya memuaskan akan langganan,1
aplikasinya murahan jangan beli,0
untungnya produknya nyaman kualitasnya rapi bakal beli lagi,1
masalahnya desainnya error terus tidak sesuai harapan,0
buruknya kualitasnya buruk pengirimannya menyebalkan tidak rekomen,0
parahnya pengirimannya menyebalkan makanannya berantakan,0
aplikasinya menyebalkan tidak akan kembali lagi,0
sayang sekali aplikasinya mahal tidak sebanding harganya membosankan tidak rekomen,0
mantapnya filmnya nyaman pengirimannya luar biasa lanjutkan,1
mantapnya respon sellernya joss the best,1
masalahnya produknya rusak zonk,0
kecewa karena pengirimannya parah bikin kesal,0
senang sekali pelayanannya sangat membantu fiturnya bagus banget sangat direkomendasikan,1
barangnya berkualitas tempatnya enak sekali suka sekali,1
parahnya rasanya menyebalkan respon sellernya error terus jangan beli,0
barangnya parah tempatnya kasar kapok beli di sini,0
sayang sekali produknya buruk pengirimannya mahal tidak sebanding tidak sesuai harapan,0
packingnya error terus rugi besar,0
untungnya makanannya luar biasa puas banget,1
mantapnya kualitasnya oke punya aplikasinya melebihi harapan sangat direkomendasikan,1
masalahnya harganya berantakan makanannya mahal tidak sebanding menyesal sekali,0
untungnya filmnya joss pokoknya puas,1
senang sekali respon sellernya rapi fiturnya lengkap recommended seller,1
alhamdulillah makanannya worth it aplikasinya luar biasa akan langganan,1
barangnya enak sekali akan langganan,1
parahnya barangnya tidak ramah filmnya lama banget sangat mengecewakan,0
sayangnya rasanya error terus desainnya lemot,0
kecewa karena makanannya lemot fiturnya hambar buang buang uang,0
senang sekali pelayanannya mantap semoga makin sukses,1
buruknya aplikasinya lama banget harganya mengecewakan menyesal sekali,0
senang sekali makanannya sesuai ekspektasi suka sekali,1
untungnya produknya enak sekali bakal beli lagi,1
alhamdulillah fiturnya recommended packingnya ramah the best,1
buruknya pengirimannya lambat sangat mengecewakan,0
parahnya makanannya lama banget rugi besar,0
puas karena tempatnya melebihi harapan mantap jiwa,1
mantapnya rasanya enak sekali five stars,1
sayangnya rasanya cacat fiturnya lambat,0
mantapnya packingnya joss rasanya rapi lanjutkan,1
alhamdulillah fiturnya joss bakal beli lagi,1
parahnya produknya membosankan jangan beli,0
buruknya fiturnya tidak sesuai pengirimannya hambar tidak rekomen,0
kualitasnya parah fiturnya tidak ramah,0
kecewa karena desainnya tidak sesuai makanannya membosankan bikin kesal,0
rasanya lama banget kualitasnya tidak ramah tidak sesuai harapan,0
masalahnya makanannya berantakan pelayanannya berantakan,0
buruknya packingnya lambat makanannya lama banget tidak sesuai harapan,0
kecewa karena harganya error terus tidak sesuai harapan,0
parahnya produknya jelek banget kapok beli di sini,0
desainnya murahan minta refund,0
puas karena harganya melebihi harapan produknya sangat membantu pokoknya puas,1
filmnya rapi mantap jiwa,1
senang sekali packingnya recommended bakal beli lagi,1
produknya ramah tempatnya worth it recommended seller,1
masalahnya kualitasnya kasar harganya tidak original zonk,0
mantapnya desainnya mantap respon sellernya luar biasa,1
sayangnya barangnya cacat zonk,0
asyiknya harganya nyaman the best,1
sayangnya pengirimannya lambat respon sellernya tidak sesuai jangan beli,0
makanannya ramah terima kasih banyak,1
parahnya aplikasinya parah sangat kecewa,0
mantapnya desainnya ramah makanannya lengkap semoga makin sukses,1
kecewa karena aplikasinya cacat kapok beli di sini,0
kecewa karena fiturnya buruk pengirimannya tidak ramah tidak rekomen,0
senang sekali aplikasinya luar biasa akan langganan,1
pengirimannya mahal tidak sebanding,0
sayang sekali rasanya cacat aplikasinya error terus pelayanan perlu diperbaiki,0
sayang sekali pengirimannya rusak minta refund,0
senang sekali produknya sesuai ekspektasi,1
sayangnya barangnya berantakan pelayanan perlu diperbaiki,0
sayang sekali aplikasinya lambat produknya tidak ramah kapok beli di sini,0
sayangnya filmnya jelek banget minta refund,0
untungnya kualitasnya nyaman semoga makin sukses,1
alhamdulillah produknya mantap mantap jiwa,1
alhamdulillah respon sellernya lengkap rasanya rapi bakal beli lagi,1
asyiknya packingnya recommended makanannya joss tidak menyesal beli,1
parahnya pengirimannya buruk makanannya berantakan tidak sesuai harapan,0
mantapnya pengirimannya berkualitas the best,1
asyiknya kualitasnya sesuai ekspektasi pelayanannya keren lanjutkan,1
packingnya lama banget tidak rekomen,0
puas karena packingnya enak sekali,1
sayangnya filmnya berantakan harganya tidak sesuai rugi besar,0
buruknya harganya buruk makanannya mengecewakan tidak rekomen,0
alhamdulillah produknya luar biasa tempatnya rapi recommended seller,1
buruknya makanannya rusak tempatnya hambar kapok beli di sini,0
kecewa karena produknya mengecewakan zonk,0
buruknya produknya menyebalkan tidak rekomen,0
kecewa karena tempatnya membosankan,0
rasanya berkualitas,1
sayang sekali desainnya cacat tidak sesuai harapan,0
mantapnya desainnya lengkap kualitasnya sangat membantu puas banget,1
buruknya barangnya tidak sesuai kualitasnya mengecewakan sangat mengecewakan,0
untungnya filmnya enak sekali fiturnya oke punya,1
masalahnya rasanya cacat pengirimannya lemot menyesal sekali,0
parahnya rasanya lemot tidak rekomen,0
kecewa karena pelayanannya buruk desainnya kasar pelayanan perlu diperbaiki,0
sayangnya packingnya membosankan aplikasinya mengecewakan,0
untungnya fiturnya luar biasa filmnya keren terima kasih banyak,1
masalahnya kualitasnya rusak tempatnya tidak ramah menyesal sekali,0
untungnya desainnya cepat suka sekali,1
alhamdulillah packingnya top markotop tidak menyesal beli,1
alhamdulillah packingnya rapi recommended seller,1
asyiknya rasanya cepat terima kasih banyak,1
mantapnya harganya luar biasa pengirimannya enak sekali five stars,1
untungnya produknya sesuai ekspektasi barangnya enak sekali mantap jiwa,1
alhamdulillah harganya luar biasa tidak menyesal beli,1
kecewa karena kualitasnya murahan makanannya murahan kapok beli di sini,0
asyiknya tempatnya berkualitas mantap jiwa,1
masalahnya fiturnya tidak ramah respon sellernya mengecewakan zonk,0
buruknya desainnya rusak kapok beli di sini,0
produknya parah kapok beli di sini,0
fiturnya nyaman aplikasinya keren pokoknya puas,1
makanannya lemot pelayanan perlu diperbaiki,0
untungnya pelayanannya luar biasa tempatnya rapi the best,1
sayangnya produknya tidak original packingnya rusak rugi besar,0
puas karena kualitasnya oke punya packingnya cepat akan langganan,1
buruknya filmnya buruk harganya murahan sangat kecewa,0
alhamdulillah tempatnya rapi aplikasinya mantap akan langganan,1
alhamdulillah filmnya keren the best,1
puas karena barangnya melebihi harapan terima kasih banyak,1
buruknya respon sellernya murahan kapok beli di sini,0
parahnya filmnya lambat rugi besar,0
masalahnya pengirimannya membosankan rasanya lama banget sangat mengecewakan,0
sayangnya aplikasinya error terus pelayanannya mengecewakan,0
pengirimannya lambat filmnya tidak ramah minta refund,0
respon sellernya tidak original barangnya kasar tidak sesuai harapan,0
buruknya desainnya lambat aplikasinya tidak ramah tidak rekomen,0
packingnya kasar minta refund,0
mantapnya pelayanannya recommended suka sekali,1
sayang sekali kualitasnya tidak ramah fiturnya rusak sangat kecewa,0
asyiknya barangnya melebihi harapan pengirimannya lengkap five stars,1
kualitasnya sesuai ekspektasi makanannya bagus banget recommended seller,1
parahnya packingnya lama banget,0
sayang sekali rasanya tidak original desainnya tidak ramah minta refund,0
sayangnya rasanya tidak sesuai respon sellernya lemot kapok beli di sini,0
buruknya barangnya jelek banget zonk,0
mantapnya pelayanannya worth it puas banget,1
alhamdulillah fiturnya ramah mantap jiwa,1
masalahnya makanannya mengecewakan fiturnya error terus bikin kesal,0
parahnya fiturnya cacat pelayanan perlu diperbaiki,0
parahnya aplikasinya parah pelayanan perlu diperbaiki,0
alhamdulillah pengirimannya lengkap semoga makin sukses,1
asyiknya rasanya sesuai ekspektasi makanannya berkualitas akan langganan,1
puas karena fiturnya oke punya tidak menyesal beli,1
asyiknya tempatnya enak sekali semoga makin sukses,1
asyiknya fiturnya top markotop tidak menyesal beli,1
tempatnya parah tidak sesuai harapan,0
mantapnya packingnya oke punya rasanya joss mantap jiwa,1
untungnya desainnya enak sekali kualitasnya keren five stars,1
untungnya aplikasinya recommended recommended seller,1
senang sekali makanannya cepat produknya mantap terima kasih banyak,1
buruknya packingnya jelek banget pengirimannya jelek banget buang buang uang,0
puas karena harganya luar biasa packingnya berkualitas the best,1
tempatnya sangat membantu mantap jiwa,1
untungnya pelayanannya mantap,1
asyiknya produknya cepat terima kasih banyak,1
sayang sekali barangnya lama banget rugi besar,0
buruknya produknya berantakan,0
buruknya pelayanannya tidak sesuai pelayanan perlu diperbaiki,0
untungnya aplikasinya bagus banget pokoknya puas,1
masalahnya rasanya mengecewakan menyesal sekali,0
produknya keren terima kasih banyak,1
rasanya melebihi harapan puas banget,1
puas karena fiturnya top markotop produknya rapi pokoknya puas,1
buruknya packingnya error terus rasanya membosankan zonk,0
asyiknya rasanya recommended packingnya keren recommended seller,1
puas karena fiturnya luar biasa recommended seller,1
untungnya aplikasinya sesuai ekspektasi sangat direkomendasikan,1
buruknya barangnya lemot respon sellernya menyebalkan kapok beli di sini,0
parahnya desainnya lemot sangat mengecewakan,0
sayangnya rasanya rusak produknya menyebalkan pelayanan perlu diperbaiki,0
untungnya rasanya joss desainnya recommended lanjutkan,1
sayangnya packingnya mahal tidak sebanding kapok beli di sini,0
buruknya pengirimannya parah buang buang uang,0
asyiknya respon sellernya enak sekali barangnya luar biasa akan langganan,1
parahnya packingnya tidak sesuai sangat kecewa,0
buruknya fiturnya lambat desainnya cacat zonk,0
kecewa karena packingnya lambat minta refund,0
sayang sekali desainnya menyebalkan packingnya rusak tidak akan kembali lagi,0
untungnya pengirimannya mantap kualitasnya berkualitas suka sekali,1
puas karena packingnya rapi makanannya top markotop suka sekali,1
buruknya pengirimannya menyebalkan harganya murahan pelayanan perlu diperbaiki,0
produknya berkualitas semoga makin sukses,1
parahnya kualitasnya murahan tidak akan kembali lagi,0
kecewa karena filmnya menyebalkan respon sellernya jelek banget menyesal sekali,0
tempatnya ramah pokoknya puas,1
masalahnya packingnya tidak original tidak rekomen,0
parahnya produknya lemot tidak rekomen,0
sayangnya makanannya murahan minta refund,0
buruknya makanannya error terus jangan beli,0
mantapnya filmnya bagus banget aplikasinya keren tidak menyesal beli,1
untungnya tempatnya memuaskan puas banget,1
kecewa karena produknya tidak original desainnya tidak original jangan beli,0
pelayanannya sesuai ekspektasi recommended seller,1
parahnya desainnya error terus tempatnya mahal tidak sebanding zonk,0
buruknya fiturnya parah tidak sesuai harapan,0
mantapnya rasanya melebihi harapan respon sellernya lengkap pokoknya puas,1
sayang sekali produknya rusak minta refund,0
filmnya kasar respon sellernya mahal tidak sebanding minta refund,0
mantapnya harganya mantap desainnya rapi semoga makin sukses,1
masalahnya produknya murahan fiturnya mengecewakan kapok beli di sini,0
pelayanannya joss kualitasnya ramah terima kasih banyak,1
untungnya kualitasnya berkualitas harganya rapi semoga makin sukses,1
sayangnya filmnya berantakan packingnya murahan sangat kecewa,0
senang sekali filmnya ramah rasanya oke punya puas banget,1
mantapnya pelayanannya sangat membantu puas banget,1
aplikasinya keren harganya joss bakal beli lagi,1
masalahnya pelayanannya hambar tempatnya lemot zonk,0
buruknya respon sellernya murahan pengirimannya tidak ramah jangan beli,0
makanannya parah tidak sesuai harapan,0
buruknya fiturnya mahal tidak sebanding rasanya rusak kapok beli di sini,0
sayang sekali pengirimannya mengecewakan menyesal sekali,0
mantapnya harganya sesuai ekspektasi bakal beli lagi,1
senang sekali pengirimannya enak sekali aplikasinya sangat membantu terima kasih banyak,1
senang sekali pelayanannya melebihi harapan makanannya keren the best,1
puas karena pengirimannya sesuai ekspektasi tempatnya cepat puas banget,1
makanannya jelek banget pengirimannya berantakan minta refund,0
parahnya produknya error terus makanannya buruk bikin kesal,0
produknya enak sekali aplikasinya joss puas banget,1
parahnya kualitasnya jelek banget makanannya parah zonk,0
mantapnya barangnya nyaman harganya cepat lanjutkan,1
untungnya aplikasinya mantap tidak menyesal beli,1
parahnya pengirimannya tidak ramah bikin kesal,0
sayang sekali tempatnya lemot desainnya rusak tidak rekomen,0
senang sekali filmnya joss semoga makin sukses,1
puas karena kualitasnya sesuai ekspektasi suka sekali,1
fiturnya hambar bikin kesal,0
buruknya aplikasinya buruk rugi besar,0
alhamdulillah tempatnya sangat membantu packingnya berkualitas lanjutkan,1
masalahnya kualitasnya mahal tidak sebanding jangan beli,0
puas karena barangnya cepat pelayanannya oke punya terima kasih banyak,1
kecewa karena filmnya tidak original kapok beli di sini,0
alhamdulillah makanannya melebihi harapan pelayanannya luar biasa sangat direkomendasikan,1
sayang sekali kualitasnya hambar zonk,0
senang sekali makanannya bagus banget five stars,1
asyiknya pengirimannya mantap kualitasnya berkualitas terima kasih banyak,1
alhamdulillah respon sellernya berkualitas packingnya sangat membantu the best,1
senang sekali makanannya melebihi harapan puas banget,1
parahnya tempatnya membosankan desainnya lama banget buang buang uang,0
alhamdulillah rasanya bagus banget pelayanannya lengkap tidak menyesal beli,1
puas karena aplikasinya sangat membantu tidak menyesal beli,1
buruknya produknya menyebalkan pelayanan perlu diperbaiki,0
alhamdulillah aplikasinya oke punya terima kasih banyak,1
sayangnya aplikasinya rusak,0
puas karena desainnya melebihi harapan kualitasnya sesuai ekspektasi the best,1
kecewa karena pelayanannya murahan kualitasnya membosankan buang buang uang,0
mantapnya desainnya mantap tidak menyesal beli,1
sayangnya respon sellernya tidak original kapok beli di sini,0
buruknya produknya tidak sesuai,0
sayang sekali barangnya lemot pengirimannya hambar sangat mengecewakan,0
parahnya fiturnya menyebalkan pelayanan perlu diperbaiki,0
asyiknya packingnya keren terima kasih banyak,1
mantapnya aplikasinya worth it tempatnya cepat lanjutkan,1
asyiknya kualitasnya worth it aplikasinya oke punya recommended seller,1
puas karena fiturnya oke punya desainnya cepat akan langganan,1
asyiknya fiturnya luar biasa mantap jiwa,1
untungnya fiturnya memuaskan pokoknya puas,1
alhamdulillah kualitasnya enak sekali pengirimannya rapi puas banget,1
asyiknya tempatnya recommended lanjutkan,1
parahnya packingnya buruk pengirimannya murahan bikin kesal,0
parahnya kualitasnya lambat zonk,0
masalahnya produknya cacat rasanya cacat kapok beli di sini,0
senang sekali pelayanannya recommended packingnya cepat suka sekali,1
kecewa karena kualitasnya membosankan barangnya membosankan tidak sesuai harapan,0
untungnya harganya worth it lanjutkan,1
masalahnya pelayanannya murahan pengirimannya menyebalkan,0
buruknya barangnya lama banget pelayanannya hambar sangat mengecewakan,0
sayang sekali pengirimannya membosankan tidak sesuai harapan,0
asyiknya desainnya joss akan langganan,1
alhamdulillah filmnya oke punya bakal beli lagi,1
kecewa karena produknya kasar bikin kesal,0
senang sekali tempatnya worth it pengirimannya enak sekali semoga makin sukses,1
puas karena pelayanannya cepat mantap jiwa,1
aplikasinya sangat membantu harganya mantap five stars,1
buruknya rasanya murahan aplikasinya tidak ramah tidak rekomen,0
masalahnya barangnya kasar rasanya membosankan buang buang uang,0
asyiknya produknya recommended the best,1
kecewa karena tempatnya menyebalkan respon sellernya membosankan rugi besar,0
desainnya cacat produknya mahal tidak sebanding sangat mengecewakan,0
sayangnya produknya lambat packingnya tidak original menyesal sekali,0
kualitasnya lama banget,0
pengirimannya hambar makanannya mahal tidak sebanding sangat mengecewakan,0
parahnya filmnya error terus respon sellernya tidak ramah sangat mengecewakan,0
rasanya buruk harganya hambar rugi besar,0
alhamdulillah desainnya enak sekali barangnya keren mantap jiwa,1
asyiknya respon sellernya bagus banget suka sekali,1
packingnya berantakan barangnya jelek banget zonk,0
puas karena produknya luar biasa tidak menyesal beli,1
kecewa karena kualitasnya mahal tidak sebanding makanannya tidak original rugi besar,0
sayang sekali rasanya hambar,0
harganya lama banget filmnya tidak original kapok beli di sini,0
sayang sekali pelayanannya mengecewakan,0
masalahnya barangnya rusak aplikasinya tidak sesuai menyesal sekali,0
parahnya filmnya lambat produknya tidak ramah zonk,0
kualitasnya tidak original respon sellernya berantakan jangan beli,0
untungnya pelayanannya rapi recommended seller,1
puas karena filmnya cepat pokoknya puas,1
alhamdulillah tempatnya mantap barangnya sesuai ekspektasi mantap jiwa,1
kualitasnya berkualitas makanannya rapi,1
pelayanannya berantakan jangan beli,0
mantapnya fiturnya mantap kualitasnya joss the best,1
kecewa karena rasanya lambat harganya mengecewakan sangat kecewa,0
sayang sekali harganya membosankan tidak akan kembali lagi,0
senang sekali filmnya luar biasa produknya luar biasa mantap jiwa,1
alhamdulillah kualitasnya cepat harganya joss mantap jiwa,1
alhamdulillah produknya enak sekali desainnya joss,1
parahnya kualitasnya error terus rasanya menyebalkan minta refund,0
asyiknya tempatnya keren puas banget,1
masalahnya aplikasinya mengecewakan respon sellernya mengecewakan sangat kecewa,0
mantapnya pelayanannya memuaskan semoga makin sukses,1
masalahnya desainnya membosankan pelayanannya murahan tidak sesuai harapan,0
alhamdulillah filmnya rapi the best,1
asyiknya kualitasnya top markotop recommended seller,1
masalahnya produknya parah makanannya error terus buang buang uang,0
parahnya harganya jelek banget,0
sayangnya kualitasnya lambat sangat mengecewakan,0
asyiknya kualitasnya melebihi harapan harganya ramah puas banget,1
alhamdulillah rasanya nyaman makanannya worth it,1
masalahnya produknya berantakan harganya kasar tidak sesuai harapan,0
untungnya pelayanannya enak sekali bakal beli lagi,1
puas karena harganya sesuai ekspektasi aplikasinya top markotop five stars,1
harganya oke punya packingnya enak sekali tidak menyesal beli,1
aplikasinya tidak sesuai sangat mengecewakan,0
respon sellernya berkualitas lanjutkan,1
fiturnya lemot harganya lemot minta refund,0
pengirimannya recommended puas banget,1
sayang sekali fiturnya rusak tempatnya buruk sangat kecewa,0
parahnya pelayanannya lemot pelayanan perlu diperbaiki,0
tempatnya sangat membantu tidak menyesal beli,1
asyiknya respon sellernya memuaskan harganya luar biasa tidak menyesal beli,1
untungnya produknya mantap kualitasnya worth it puas banget,1
kecewa karena desainnya tidak sesuai buang buang uang,0
masalahnya harganya lemot zonk,0
buruknya packingnya tidak original jangan beli,0
rasanya bagus banget semoga makin sukses,1
masalahnya barangnya cacat rugi besar,0
kecewa karena aplikasinya mahal tidak sebanding filmnya tidak sesuai minta refund,0
buruknya pengirimannya lemot,0
parahnya respon sellernya lambat rugi besar,0
sayangnya rasanya mahal tidak sebanding buang buang uang,0
buruknya barangnya murahan aplikasinya tidak sesuai pelayanan perlu diperbaiki,0
masalahnya packingnya lama banget kualitasnya mahal tidak sebanding tidak akan kembali lagi,0
sayang sekali pelayanannya tidak sesuai sangat kecewa,0
pelayanannya murahan buang buang uang,0
kecewa karena produknya tidak sesuai tempatnya error terus zonk,0
asyiknya pengirimannya memuaskan bakal beli lagi,1
puas karena rasanya cepat aplikasinya enak sekali bakal beli lagi,1
sayang sekali pelayanannya hambar tidak akan kembali lagi,0
masalahnya produknya lama banget filmnya tidak ramah kapok beli di sini,0
puas karena rasanya joss five stars,1
parahnya respon sellernya tidak original pelayanan perlu diperbaiki,0
masalahnya tempatnya jelek banget jangan beli,0
sayang sekali fiturnya lambat kapok beli di sini,0
senang sekali respon sellernya berkualitas aplikasinya melebihi harapan recommended seller,1
sayang sekali makanannya rusak respon sellernya jelek banget sangat mengecewakan,0
alhamdulillah fiturnya bagus banget desainnya bagus banget akan langganan,1
asyiknya pelayanannya joss makanannya oke punya five stars,1
mantapnya aplikasinya melebihi harapan packingnya luar biasa tidak menyesal beli,1
untungnya pengirimannya memuaskan akan langganan,1
asyiknya pelayanannya worth it respon sellernya worth it puas banget,1
buruknya makanannya kasar zonk,0
asyiknya tempatnya lengkap recommended seller,1
kecewa karena harganya membosankan barangnya lama banget tidak akan kembali lagi,0
pelayanannya parah kualitasnya murahan pelayanan perlu diperbaiki,0
parahnya desainnya tidak original pelayanannya kasar jangan beli,0
sayang sekali respon sellernya parah packingnya tidak original zonk,0
sayang sekali produknya lemot respon sellernya rusak zonk,0
parahnya produknya rusak aplikasinya lambat kapok beli di sini,0
senang sekali barangnya oke punya,1
parahnya filmnya buruk packingnya rusak tidak akan kembali lagi,0
sayang sekali desainnya hambar filmnya kasar sangat kecewa,0
alhamdulillah barangnya oke punya harganya keren five stars,1
buruknya kualitasnya buruk aplikasinya lama banget pelayanan perlu diperbaiki,0
kualitasnya jelek banget packingnya parah zonk,0
respon sellernya sangat membantu suka sekali,1
alhamdulillah pengirimannya mantap filmnya cepat tidak menyesal beli,1
mantapnya pengirimannya rapi pokoknya puas,1
desainnya cacat rugi besar,0
alhamdulillah pelayanannya lengkap pengirimannya enak sekali terima kasih banyak,1
aplikasinya oke punya tempatnya lengkap tidak menyesal beli,1
untungnya rasanya oke punya the best,1
alhamdulillah makanannya oke punya suka sekali,1
asyiknya pengirimannya nyaman barangnya melebihi harapan five stars,1
senang sekali makanannya top markotop pelayanannya sesuai ekspektasi bakal beli lagi,1
kecewa karena packingnya mengecewakan harganya lama banget sangat kecewa,0
mantapnya harganya joss,1
aplikasinya parah harganya mengecewakan tidak rekomen,0
parahnya makanannya lama banget kualitasnya membosankan tidak rekomen,0
kecewa karena packingnya mengecewakan rasanya hambar tidak akan kembali lagi,0
alhamdulillah tempatnya joss desainnya keren sangat direkomendasikan,1
masalahnya makanannya hambar menyesal sekali,0
puas karena desainnya nyaman semoga makin sukses,1
parahnya makanannya lama banget rasanya lemot pelayanan perlu diperbaiki,0
sayang sekali respon sellernya tidak original filmnya membosankan tidak akan kembali lagi,0
untungnya respon sellernya melebihi harapan barangnya worth it lanjutkan,1
sayangnya desainnya buruk sangat kecewa,0
alhamdulillah rasanya melebihi harapan barangnya ramah semoga makin sukses,1
alhamdulillah desainnya joss akan langganan,1
alhamdulillah makanannya joss tempatnya top markotop five stars,1
parahnya aplikasinya berantakan makanannya tidak original buang buang uang,0
masalahnya barangnya cacat pengirimannya tidak ramah sangat kecewa,0
asyiknya respon sellernya bagus banget akan langganan,1
parahnya respon sellernya tidak ramah buang buang uang,0
puas karena pengirimannya bagus banget rasanya keren puas banget,1
rasanya berantakan tempatnya jelek banget pelayanan perlu diperbaiki,0
mantapnya tempatnya melebihi harapan mantap jiwa,1
masalahnya tempatnya mengecewakan filmnya berantakan kapok beli di sini,0
sayang sekali desainnya berantakan zonk,0
pelayanannya melebihi harapan pengirimannya rapi lanjutkan,1
parahnya filmnya tidak ramah kapok beli di sini,0
alhamdulillah makanannya lengkap filmnya enak sekali akan langganan,1
sayang sekali packingnya jelek banget jangan beli,0
untungnya pengirimannya cepat puas banget,1
buruknya makanannya parah pelayanan perlu diperbaiki,0
sayang sekali pengirimannya lama banget pelayanannya kasar buang buang uang,0
pelayanannya parah desainnya error terus tidak akan kembali lagi,0
packingnya membosankan aplikasinya rusak,0
masalahnya produknya hambar minta refund,0
asyiknya kualitasnya sesuai ekspektasi pelayanannya recommended akan langganan,1
buruknya respon sellernya lambat pengirimannya cacat zonk,0
pengirimannya sesuai ekspektasi rasanya cepat lanjutkan,1
tempatnya nyaman recommended seller,1
sayang sekali rasanya lama banget,0
fiturnya menyebalkan packingnya tidak original jangan beli,0
mantapnya makanannya mantap puas banget,1
senang sekali packingnya worth it pengirimannya sesuai ekspektasi puas banget,1
alhamdulillah fiturnya joss barangnya memuaskan semoga makin sukses,1
buruknya rasanya lemot pelayanannya berantakan zonk,0
kecewa karena kualitasnya murahan aplikasinya mengecewakan,0
tempatnya lama banget tidak sesuai harapan,0
puas karena tempatnya recommended pelayanannya enak sekali semoga makin sukses,1
puas karena desainnya lengkap rasanya rapi terima kasih banyak,1
untungnya barangnya nyaman tidak menyesal beli,1
kualitasnya lemot rasanya hambar sangat kecewa,0
sayang sekali filmnya error terus sangat kecewa,0
parahnya rasanya menyebalkan zonk,0
untungnya produknya cepat bakal beli lagi,1
kecewa karena desainnya parah harganya error terus kapok beli di sini,0
sayangnya desainnya tidak original packingnya mengecewakan menyesal sekali,0
sayang sekali harganya error terus zonk,0
alhamdulillah aplikasinya memuaskan,1
buruknya filmnya lama banget buang buang uang,0
packingnya joss,1
harganya sesuai ekspektasi desainnya berkualitas pokoknya puas,1
senang sekali desainnya bagus banget tempatnya keren bakal beli lagi,1
sayang sekali makanannya membosankan tidak akan kembali lagi,0
untungnya tempatnya sangat membantu puas banget,1
untungnya pengirimannya joss makanannya recommended pokoknya puas,1
packingnya berkualitas fiturnya rapi tidak menyesal beli,1
rasanya error terus jangan beli,0
alhamdulillah aplikasinya ramah pengirimannya oke punya sangat direkomendasikan,1
mantapnya fiturnya worth it semoga makin sukses,1
masalahnya barangnya berantakan,0
mantapnya aplikasinya enak sekali bakal beli lagi,1
mantapnya packingnya mantap filmnya enak sekali mantap jiwa,1
asyiknya harganya joss akan langganan,1
alhamdulillah produknya sangat membantu tidak menyesal beli,1
masalahnya pelayanannya lama banget makanannya jelek banget sangat kecewa,0
untungnya packingnya memuaskan semoga makin sukses,1
masalahnya desainnya mengecewakan bikin kesal,0
tempatnya enak sekali akan langganan,1
mantapnya pengirimannya joss the best,1
puas karena pengirimannya top markotop tempatnya lengkap bakal beli lagi,1
alhamdulillah makanannya melebihi harapan rasanya melebihi harapan,1
sayang sekali makanannya tidak sesuai minta refund,0
kecewa karena packingnya tidak original harganya jelek banget menyesal sekali,0
masalahnya barangnya mengecewakan,0
asyiknya tempatnya worth it aplikasinya oke punya akan langganan,1
sayangnya tempatnya hambar aplikasinya jelek banget sangat kecewa,0
asyiknya tempatnya recommended kualitasnya recommended suka sekali,1
asyiknya aplikasinya nyaman produknya top markotop tidak menyesal beli,1
sayang sekali desainnya buruk rasanya tidak ramah minta refund,0
parahnya harganya berantakan,0
mantapnya packingnya sesuai ekspektasi terima kasih banyak,1
puas karena packingnya sesuai ekspektasi lanjutkan,1
masalahnya aplikasinya hambar buang buang uang,0
senang sekali barangnya bagus banget filmnya mantap akan langganan,1
kecewa karena packingnya parah respon sellernya lambat tidak rekomen,0
untungnya packingnya worth it harganya memuaskan recommended seller,1
asyiknya makanannya oke punya produknya sesuai ekspektasi akan langganan,1
fiturnya tidak ramah kualitasnya lemot rugi besar,0
mantapnya kualitasnya melebihi harapan akan langganan,1
untungnya pengirimannya cepat rasanya cepat semoga makin sukses,1
desainnya murahan pelayanan perlu diperbaiki,0
mantapnya kualitasnya joss produknya berkualitas recommended seller,1
parahnya fiturnya buruk harganya lemot minta refund,0
parahnya tempatnya membosankan kapok beli di sini,0
asyiknya fiturnya berkualitas pokoknya puas,1
masalahnya fiturnya hambar,0
masalahnya aplikasinya menyebalkan barangnya tidak original tidak sesuai harapan,0
senang sekali makanannya sesuai ekspektasi bakal beli lagi,1
sayangnya barangnya error terus sangat mengecewakan,0
sayangnya fiturnya kasar harganya buruk tidak sesuai harapan,0
senang sekali harganya joss makanannya bagus banget sangat direkomendasikan,1
buruknya pelayanannya menyebalkan menyesal sekali,0
alhamdulillah aplikasinya mantap pokoknya puas,1
sayangnya pelayanannya lama banget tempatnya lama banget pelayanan perlu diperbaiki,0
mantapnya filmnya bagus banget rasanya rapi bakal beli lagi,1
parahnya rasanya tidak sesuai kapok beli di sini,0
sayang sekali makanannya tidak original bikin kesal,0
mantapnya barangnya bagus banget suka sekali,1
buruknya makanannya membosankan zonk,0
sayang sekali respon sellernya kasar,0
untungnya pengirimannya keren five stars,1
senang sekali respon sellernya oke punya puas banget,1
sayang sekali fiturnya murahan rasanya tidak ramah menyesal sekali,0
puas karena respon sellernya memuaskan aplikasinya oke punya mantap jiwa,1
respon sellernya lama banget fiturnya lama banget jangan beli,0
desainnya cacat respon sellernya tidak sesuai kapok beli di sini,0
asyiknya pelayanannya keren harganya ramah five stars,1
sayang sekali rasanya kasar kualitasnya lama banget rugi besar,0
puas karena desainnya joss rasanya ramah five stars,1
mantapnya tempatnya enak sekali pengirimannya oke punya pokoknya puas,1
alhamdulillah aplikasinya melebihi harapan pokoknya puas,1
parahnya filmnya jelek banget pengirimannya parah,0
parahnya respon sellernya parah tidak akan kembali lagi,0
buruknya makanannya tidak sesuai pelayanan perlu diperbaiki,0
senang sekali makanannya berkualitas fiturnya top markotop the best,1
senang sekali pengirimannya mantap bakal beli lagi,1
sayang sekali rasanya mahal tidak sebanding makanannya tidak ramah tidak akan kembali lagi,0
pelayanannya bagus banget five stars,1
packingnya mahal tidak sebanding aplikasinya jelek banget tidak sesuai harapan,0
senang sekali fiturnya worth it barangnya oke punya bakal beli lagi,1
parahnya pelayanannya error terus packingnya lemot menyesal sekali,0
sayangnya kualitasnya error terus kapok beli di sini,0
alhamdulillah kualitasnya lengkap tidak menyesal beli,1
sayangnya barangnya murahan filmnya lambat bikin kesal,0
senang sekali tempatnya enak sekali pokoknya puas,1
puas karena fiturnya enak sekali pengirimannya keren terima kasih banyak,1
desainnya tidak sesuai,0
senang sekali respon sellernya top markotop,1
senang sekali tempatnya nyaman desainnya joss terima kasih banyak,1
alhamdulillah packingnya memuaskan respon sellernya bagus banget suka sekali,1
buruknya kualitasnya buruk buang buang uang,0
parahnya makanannya tidak ramah tidak rekomen,0
untungnya respon sellernya melebihi harapan filmnya cepat pokoknya puas,1
sayangnya pelayanannya cacat rasanya lambat minta refund,0
parahnya packingnya lama banget rugi besar,0
sayangnya makanannya mengecewakan sangat kecewa,0
sayang sekali tempatnya cacat packingnya mengecewakan rugi besar,0
parahnya aplikasinya lambat tempatnya error terus rugi besar,0
senang sekali packingnya ramah harganya berkualitas lanjutkan,1
mantapnya respon sellernya berkualitas the best,1
parahnya packingnya tidak sesuai filmnya cacat tidak rekomen,0
puas karena barangnya worth it aplikasinya joss terima kasih banyak,1
puas karena filmnya joss suka sekali,1
asyiknya tempatnya joss akan langganan,1
untungnya respon sellernya top markotop desainnya enak sekali mantap jiwa,1
mantapnya produknya joss desainnya berkualitas,1
asyiknya pengirimannya oke punya respon sellernya luar biasa semoga makin sukses,1
untungnya respon sellernya melebihi harapan bakal beli lagi,1
alhamdulillah filmnya sesuai ekspektasi pengirimannya worth it mantap jiwa,1
untungnya packingnya enak sekali akan langganan,1
masalahnya filmnya mahal tidak sebanding aplikasinya lama banget kapok beli di sini,0
masalahnya aplikasinya murahan rasanya buruk kapok beli di sini,0
kecewa karena pelayanannya rusak tidak rekomen,0
sayang sekali kualitasnya rusak filmnya berantakan sangat mengecewakan,0
asyiknya harganya lengkap terima kasih banyak,1
mantapnya rasanya cepat fiturnya joss five stars,1
sayang sekali rasanya buruk tempatnya lama banget jangan beli,0
untungnya produknya cepat aplikasinya nyaman bakal beli lagi,1
parahnya packingnya cacat tidak akan kembali lagi,0
kualitasnya melebihi harapan pelayanannya ramah five stars,1
buruknya rasanya murahan makanannya lambat kapok beli di sini,0
kecewa karena tempatnya tidak original menyesal sekali,0
senang sekali produknya oke punya recommended seller,1
alhamdulillah barangnya ramah,1
untungnya fiturnya sangat membantu produknya bagus banget semoga makin sukses,1
senang sekali pelayanannya sesuai ekspektasi sangat direkomendasikan,1
kecewa karena produknya berantakan zonk,0
puas karena pelayanannya cepat semoga makin sukses,1
buruknya barangnya rusak produknya murahan minta refund,0
untungnya produknya memuaskan aplikasinya cepat akan langganan,1
asyiknya tempatnya rapi lanjutkan,1
asyiknya rasanya joss packingnya keren puas banget,1
untungnya aplikasinya mantap recommended seller,1
senang sekali tempatnya sesuai ekspektasi the best,1
buruknya packingnya lama banget filmnya tidak original zonk,0
senang sekali desainnya memuaskan filmnya enak sekali mantap jiwa,1
sayangnya produknya mengecewakan minta refund,0
puas karena fiturnya berkualitas terima kasih banyak,1
sayangnya tempatnya lemot jangan beli,0
kecewa karena desainnya mahal tidak sebanding pelayanan perlu diperbaiki,0
kecewa karena rasanya mahal tidak sebanding barangnya lama banget rugi besar,0
alhamdulillah pengirimannya ramah pelayanannya enak sekali terima kasih banyak,1
makanannya rusak pelayanan perlu diperbaiki,0
asyiknya desainnya worth it harganya memuaskan puas banget,1
senang sekali pengirimannya cepat puas banget,1
kecewa karena packingnya cacat buang buang uang,0
sayang sekali makanannya buruk zonk,0
asyiknya pelayanannya sesuai ekspektasi rasanya melebihi harapan lanjutkan,1
senang sekali harganya melebihi harapan tidak menyesal beli,1
asyiknya filmnya oke punya sangat direkomendasikan,1
senang sekali packingnya lengkap puas banget,1
alhamdulillah respon sellernya recommended lanjutkan,1
parahnya aplikasinya lemot minta refund,0
asyiknya pelayanannya lengkap filmnya keren mantap jiwa,1
masalahnya tempatnya mengecewakan pelayanannya cacat buang buang uang,0
buruknya filmnya parah buang buang uang,0
masalahnya aplikasinya menyebalkan filmnya error terus sangat kecewa,0
parahnya kualitasnya jelek banget respon sellernya mahal tidak sebanding buang buang uang,0
mantapnya makanannya memuaskan recommended seller,1
alhamdulillah barangnya ramah bakal beli lagi,1
masalahnya desainnya rusak tempatnya parah menyesal sekali,0
buruknya produknya mengecewakan barangnya hambar buang buang uang,0
parahnya respon sellernya parah,0
sayang sekali respon sellernya mahal tidak sebanding makanannya tidak original minta refund,0
masalahnya filmnya mengecewakan fiturnya error terus rugi besar,0
mantapnya packingnya oke punya,1
alhamdulillah filmnya cepat pengirimannya enak sekali recommended seller,1
untungnya pelayanannya keren respon sellernya melebihi harapan bakal beli lagi,1
sayangnya rasanya hambar sangat mengecewakan,0
parahnya desainnya murahan rasanya tidak sesuai bikin kesal,0
sayang sekali pengirimannya lemot,0
asyiknya packingnya top markotop puas banget,1
parahnya harganya berantakan kapok beli di sini,0
sayangnya harganya jelek banget pengirimannya rusak bikin kesal,0
sayangnya barangnya rusak filmnya tidak sesuai buang buang uang,0
sayang sekali filmnya hambar kualitasnya kasar sangat mengecewakan,0
puas karena rasanya keren respon sellernya berkualitas tidak menyesal beli,1
makanannya memuaskan akan langganan,1
aplikasinya tidak ramah jangan beli,0
mantapnya pelayanannya keren five stars,1
senang sekali pelayanannya sesuai ekspektasi the best,1
sayangnya pelayanannya lama banget zonk,0
senang sekali harganya luar biasa rasanya rapi terima kasih banyak,1
kecewa karena barangnya murahan produknya lama banget buang buang uang,0
puas karena respon sellernya lengkap pelayanannya keren akan langganan,1
sayangnya harganya hambar kapok beli di sini,0
fiturnya rusak tidak sesuai harapan,0
asyiknya pelayanannya melebihi harapan tidak menyesal beli,1
asyiknya pengirimannya joss akan langganan,1
kecewa karena packingnya rusak tidak sesuai harapan,0
masalahnya fiturnya murahan tidak akan kembali lagi,0
untungnya rasanya sangat membantu semoga makin sukses,1
sayang sekali kualitasnya mahal tidak sebanding jangan beli,0
alhamdulillah fiturnya cepat the best,1
parahnya pengirimannya tidak ramah,0
packingnya oke punya barangnya enak sekali akan langganan,1
sayangnya produknya lama banget sangat mengecewakan,0
sayang sekali kualitasnya kasar zonk,0
masalahnya respon sellernya menyebalkan tempatnya kasar zonk,0
parahnya pelayanannya buruk respon sellernya kasar zonk,0
mantapnya respon sellernya bagus banget suka sekali,1
senang sekali rasanya enak sekali recommended seller,1
untungnya produknya rapi puas banget,1
sayangnya packingnya mengecewakan rasanya lama banget bikin kesal,0
untungnya harganya joss makanannya memuaskan suka sekali,1
puas karena packingnya sangat membantu suka sekali,1
alhamdulillah barangnya ramah pokoknya puas,1
sayangnya tempatnya lambat makanannya jelek banget pelayanan perlu diperbaiki,0
filmnya lambat tidak rekomen,0
desainnya tidak ramah pengirimannya membosankan tidak akan kembali lagi,0
puas karena pelayanannya joss lanjutkan,1
sayang sekali desainnya mengecewakan kapok beli di sini,0
sayang sekali rasanya rusak desainnya tidak ramah buang buang uang,0
buruknya aplikasinya cacat barangnya menyebalkan tidak akan kembali lagi,0
alhamdulillah fiturnya sangat membantu five stars,1
asyiknya barangnya mantap pengirimannya recommended recommended seller,1
asyiknya rasanya melebihi harapan pengirimannya lengkap mantap jiwa,1
mantapnya pengirimannya rapi suka sekali,1
kecewa karena packingnya mengecewakan harganya buruk zonk,0
alhamdulillah barangnya joss harganya keren puas banget,1
puas karena respon sellernya sangat membantu desainnya recommended,1
sayang sekali tempatnya mahal tidak sebanding desainnya rusak bikin kesal,0
sayangnya kualitasnya lemot pengirimannya error terus sangat mengecewakan,0
mantapnya makanannya keren desainnya sangat membantu sangat direkomendasikan,1
puas karena fiturnya luar biasa rasanya melebihi harapan pokoknya puas,1
senang sekali aplikasinya sangat membantu lanjutkan,1
kecewa karena barangnya tidak sesuai fiturnya rusak minta refund,0
sayang sekali rasanya tidak original tidak sesuai harapan,0
sayangnya harganya mahal tidak sebanding sangat mengecewakan,0
sayang sekali packingnya membosankan menyesal sekali,0
puas karena pengirimannya melebihi harapan barangnya berkualitas lanjutkan,1
puas karena barangnya mantap produknya mantap,1
parahnya kualitasnya hambar bikin kesal,0
untungnya respon sellernya rapi tempatnya worth it terima kasih banyak,1
alhamdulillah fiturnya lengkap semoga makin sukses,1
senang sekali makanannya enak sekali pelayanannya berkualitas,1
buruknya barangnya tidak ramah kapok beli di sini,0
masalahnya filmnya buruk rugi besar,0
buruknya kualitasnya berantakan packingnya parah sangat kecewa,0
untungnya aplikasinya joss suka sekali,1
mantapnya rasanya nyaman five stars,1
kecewa karena barangnya rusak minta refund,0
senang sekali respon sellernya top markotop semoga makin sukses,1
desainnya mantap barangnya ramah pokoknya puas,1
alhamdulillah aplikasinya mantap semoga makin sukses,1
senang sekali pengirimannya ramah suka sekali,1
sayangnya respon sellernya lama banget desainnya hambar tidak sesuai harapan,0
buruknya barangnya mengecewakan menyesal sekali,0
makanannya bagus banget lanjutkan,1
puas karena rasanya ramah lanjutkan,1
asyiknya barangnya joss kualitasnya sangat membantu suka sekali,1
filmnya berkualitas rasanya rapi terima kasih banyak,1
senang sekali tempatnya bagus banget packingnya keren akan langganan,1
barangnya nyaman filmnya worth it akan langganan,1
pengirimannya membosankan minta refund,0
asyiknya filmnya ramah bakal beli lagi,1
buruknya aplikasinya lama banget packingnya cacat sangat mengecewakan,0
alhamdulillah kualitasnya enak sekali five stars,1
asyiknya makanannya joss sangat direkomendasikan,1
rasanya sangat membantu filmnya nyaman puas banget,1
parahnya respon sellernya tidak ramah sangat mengecewakan,0
untungnya tempatnya recommended puas banget,1
fiturnya lengkap desainnya rapi tidak menyesal beli,1
puas karena pengirimannya luar biasa,1
masalahnya aplikasinya tidak sesuai tidak rekomen,0
asyiknya filmnya sangat membantu pelayanannya sangat membantu recommended seller,1
fiturnya recommended aplikasinya mantap bakal beli lagi,1
barangnya lambat packingnya lemot kapok beli di sini,0
tempatnya sesuai ekspektasi semoga makin sukses,1
buruknya kualitasnya mahal tidak sebanding tempatnya mahal tidak sebanding rugi besar,0
senang sekali aplikasinya joss pengirimannya recommended,1
puas karena pelayanannya sangat membantu puas banget,1
parahnya filmnya tidak ramah kualitasnya hambar minta refund,0
puas karena barangnya keren mantap jiwa,1
rasanya membosankan makanannya parah zonk,0
untungnya pelayanannya sesuai ekspektasi puas banget,1
buruknya fiturnya tidak ramah pengirimannya buruk buang buang uang,0
masalahnya harganya murahan kapok beli di sini,0
asyiknya produknya joss pelayanannya melebihi harapan terima kasih banyak,1
senang sekali pengirimannya ramah barangnya keren mantap jiwa,1
buruknya makanannya mengecewakan kapok beli di sini,0
senang sekali pengirimannya nyaman akan langganan,1
alhamdulillah harganya worth it,1
buruknya harganya murahan pengirimannya mengecewakan bikin kesal,0
puas karena pengirimannya sangat membantu mantap jiwa,1
puas karena produknya berkualitas tempatnya berkualitas semoga makin sukses,1
filmnya sesuai ekspektasi akan langganan,1
senang sekali pengirimannya top markotop,1
senang sekali desainnya sangat membantu makanannya memuaskan five stars,1
sayangnya fiturnya kasar rugi besar,0
parahnya pelayanannya error terus zonk,0
sayangnya rasanya rusak desainnya error terus,0
tempatnya top markotop tidak menyesal beli,1
masalahnya desainnya lemot produknya rusak,0
asyiknya tempatnya ramah bakal beli lagi,1
alhamdulillah tempatnya cepat,1
buruknya tempatnya berantakan pelayanannya lemot pelayanan perlu diperbaiki,0
asyiknya filmnya nyaman makanannya memuaskan puas banget,1
sayangnya aplikasinya berantakan rugi besar,0
masalahnya pelayanannya lemot respon sellernya jelek banget minta refund,0
sayangnya tempatnya tidak sesuai jangan beli,0
puas karena packingnya bagus banget,1
packingnya buruk respon sellernya murahan sangat mengecewakan,0
alhamdulillah rasanya bagus banget makanannya mantap tidak menyesal beli,1
puas karena produknya memuaskan semoga makin sukses,1
mantapnya aplikasinya melebihi harapan bakal beli lagi,1
sayang sekali barangnya cacat aplikasinya jelek banget tidak rekomen,0
sayangnya barangnya error terus tempatnya membosankan tidak akan kembali lagi,0
masalahnya pelayanannya error terus barangnya mengecewakan bikin kesal,0
pelayanannya lemot minta refund,0
pengirimannya keren rasanya oke punya lanjutkan,1
buruknya fiturnya mahal tidak sebanding pelayanannya parah buang buang uang,0
masalahnya aplikasinya rusak produknya lama banget sangat mengecewakan,0
senang sekali desainnya berkualitas the best,1
mantapnya aplikasinya berkualitas respon sellernya oke punya suka sekali,1
parahnya harganya tidak sesuai bikin kesal,0
sayangnya packingnya menyebalkan fiturnya rusak zonk,0
desainnya kasar menyesal sekali,0
parahnya aplikasinya buruk respon sellernya lama banget rugi besar,0
asyiknya pelayanannya memuaskan bakal beli lagi,1
buruknya pelayanannya mengecewakan jangan beli,0
alhamdulillah rasanya worth it produknya sangat membantu semoga makin sukses,1
asyiknya desainnya lengkap akan langganan,1
sayang sekali tempatnya rusak produknya lama banget sangat kecewa,0
buruknya aplikasinya lambat rugi besar,0
puas karena filmnya enak sekali five stars,1
sayang sekali barangnya tidak sesuai harganya kasar minta refund,0
sayang sekali filmnya cacat menyesal sekali,0
fiturnya berkualitas semoga makin sukses,1
untungnya rasanya sangat membantu the best,1
kecewa karena rasanya cacat tidak akan kembali lagi,0
senang sekali rasanya keren makanannya cepat mantap jiwa,1
masalahnya harganya cacat,0
masalahnya pelayanannya parah respon sellernya cacat,0
masalahnya rasanya menyebalkan sangat mengecewakan,0
mantapnya fiturnya top markotop bakal beli lagi,1
desainnya joss five stars,1
sayang sekali packingnya tidak original pelayanan perlu diperbaiki,0
parahnya produknya kasar fiturnya lemot,0
sayangnya pelayanannya lambat pelayanan perlu diperbaiki,0
untungnya respon sellernya luar biasa produknya top markotop akan langganan,1
senang sekali barangnya rapi puas banget,1
buruknya respon sellernya lama banget tidak rekomen,0
puas karena tempatnya luar biasa bakal beli lagi,1
parahnya aplikasinya mengecewakan sangat kecewa,0
sayang sekali pelayanannya kasar jangan beli,0
sayang sekali harganya error terus,0
masalahnya fiturnya lama banget jangan beli,0
kecewa karena desainnya hambar harganya lemot rugi besar,0
untungnya kualitasnya joss mantap jiwa,1
mantapnya produknya lengkap mantap jiwa,1
buruknya harganya murahan sangat mengecewakan,0
buruknya produknya membosankan buang buang uang,0
senang sekali pelayanannya oke punya harganya ramah five stars,1
senang sekali respon sellernya melebihi harapan akan langganan,1
puas karena makanannya ramah fiturnya top markotop suka sekali,1
senang sekali barangnya luar biasa harganya keren suka sekali,1
mantapnya rasanya top markotop puas banget,1
masalahnya rasanya parah pengirimannya jelek banget zonk,0
parahnya pengirimannya jelek banget pelayanan perlu diperbaiki,0
untungnya desainnya sangat membantu pelayanannya melebihi harapan pokoknya puas,1
asyiknya produknya sangat membantu,1
untungnya makanannya ramah terima kasih banyak,1
senang sekali packingnya sangat membantu pokoknya puas,1
puas karena filmnya nyaman rasanya nyaman mantap jiwa,1
masalahnya makanannya lemot tidak rekomen,0
kualitasnya oke punya rasanya joss bakal beli lagi,1
kecewa karena desainnya lambat pengirimannya hambar zonk,0
sayang sekali pelayanannya tidak sesuai aplikasinya mengecewakan sangat mengecewakan,0
sayang sekali harganya tidak ramah desainnya jelek banget rugi besar,0
sayang sekali filmnya mengecewakan minta refund,0
buruknya barangnya jelek banget,0
buruknya harganya murahan respon sellernya membosankan tidak rekomen,0
kecewa karena produknya menyebalkan makanannya tidak ramah menyesal sekali,0
sayangnya barangnya rusak makanannya menyebalkan pelayanan perlu diperbaiki,0
parahnya harganya lama banget buang buang uang,0
puas karena fiturnya luar biasa semoga makin sukses,1
sayangnya desainnya buruk packingnya buruk sangat kecewa,0
buruknya makanannya kasar,0
sayangnya barangnya error terus buang buang uang,0
asyiknya filmnya keren semoga makin sukses,1
sayangnya filmnya cacat barangnya mahal tidak sebanding jangan beli,0
asyiknya harganya cepat the best,1
sayangnya produknya tidak sesuai sangat kecewa,0
kecewa karena barangnya jelek banget makanannya mengecewakan buang buang uang,0
sayangnya respon sellernya buruk pelayanan perlu diperbaiki,0
mantapnya fiturnya recommended sangat direkomendasikan,1
senang sekali tempatnya joss,1
sayangnya kualitasnya mahal tidak sebanding tidak rekomen,0
puas karena tempatnya cepat lanjutkan,1
senang sekali packingnya memuaskan barangnya enak sekali suka sekali,1
untungnya respon sellernya joss five stars,1
kecewa karena tempatnya membosankan pelayanannya berantakan kapok beli di sini,0
sayang sekali kualitasnya jelek banget produknya tidak sesuai kapok beli di sini,0
senang sekali produknya luar biasa desainnya worth it tidak menyesal beli,1
sayangnya filmnya kasar minta refund,0
senang sekali fiturnya nyaman pelayanannya nyaman,1
mantapnya produknya enak sekali pelayanannya ramah akan langganan,1
mantapnya tempatnya berkualitas puas banget,1
filmnya buruk harganya jelek banget sangat kecewa,0
untungnya pengirimannya sangat membantu puas banget,1
mantapnya tempatnya memuaskan desainnya worth it akan langganan,1
parahnya harganya murahan rugi besar,0
masalahnya makanannya hambar respon sellernya parah tidak sesuai harapan,0
filmnya sesuai ekspektasi semoga makin sukses,1
parahnya desainnya mengecewakan pengirimannya membosankan menyesal sekali,0
puas karena desainnya mantap semoga makin sukses,1
senang sekali produknya enak sekali recommended seller,1
buruknya respon sellernya membosankan jangan beli,0
untungnya makanannya rapi produknya rapi semoga makin sukses,1
alhamdulillah pelayanannya mantap pengirimannya berkualitas semoga makin sukses,1
fiturnya lama banget,0
parahnya pelayanannya rusak minta refund,0
senang sekali fiturnya sangat membantu the best,1
pengirimannya mengecewakan,0
untungnya aplikasinya melebihi harapan harganya luar biasa bakal beli lagi,1
sayang sekali pengirimannya error terus harganya buruk,0
aplikasinya lengkap fiturnya luar biasa suka sekali,1
senang sekali filmnya keren pelayanannya memuaskan semoga makin sukses,1
fiturnya ramah sangat direkomendasikan,1
masalahnya pengirimannya mahal tidak sebanding jangan beli,0
parahnya kualitasnya tidak sesuai tidak sesuai harapan,0
masalahnya filmnya jelek banget pelayanannya error terus,0
asyiknya fiturnya nyaman mantap jiwa,1
sayangnya tempatnya lemot harganya hambar,0
sayangnya respon sellernya murahan tempatnya buruk sangat kecewa,0
untungnya desainnya rapi suka sekali,1
buruknya harganya rusak,0
masalahnya pelayanannya lemot kualitasnya mengecewakan zonk,0
masalahnya pengirimannya murahan barangnya rusak jangan beli,0
senang sekali tempatnya oke punya semoga makin sukses,1
fiturnya murahan kualitasnya menyebalkan tidak sesuai harapan,0
sayang sekali harganya tidak sesuai pelayanannya lambat buang buang uang,0
buruknya tempatnya cacat harganya tidak ramah tidak rekomen,0
untungnya packingnya cepat harganya berkualitas bakal beli lagi,1
parahnya tempatnya lambat minta refund,0
buruknya barangnya rusak makanannya murahan minta refund,0
sayang sekali barangnya membosankan desainnya cacat pelayanan perlu diperbaiki,0
senang sekali harganya luar biasa terima kasih banyak,1
senang sekali kualitasnya ramah suka sekali,1
kecewa karena produknya berantakan,0
mantapnya pengirimannya keren rasanya oke punya,1
buruknya produknya lama banget fiturnya menyebalkan tidak akan kembali lagi,0
untungnya kualitasnya memuaskan tidak menyesal beli,1
mantapnya fiturnya cepat bakal beli lagi,1
masalahnya tempatnya buruk jangan beli,0
kecewa karena rasanya parah zonk,0
kecewa karena pelayanannya cacat filmnya rusak sangat kecewa,0
senang sekali pengirimannya mantap desainnya joss the best,1
alhamdulillah produknya enak sekali terima kasih banyak,1
fiturnya tidak original filmnya lambat jangan beli,0
kecewa karena makanannya cacat sangat kecewa,0
buruknya produknya mengecewakan pengirimannya error terus kapok beli di sini,0
buruknya makanannya lambat desainnya mahal tidak sebanding menyesal sekali,0
kualitasnya oke punya rasanya sangat membantu pokoknya puas,1
sayang sekali kualitasnya tidak original minta refund,0
asyiknya kualitasnya keren fiturnya lengkap the best,1
alhamdulillah fiturnya recommended tidak menyesal beli,1
mantapnya produknya berkualitas desainnya lengkap suka sekali,1
parahnya rasanya membosankan rugi besar,0
puas karena barangnya worth it recommended seller,1
untungnya filmnya nyaman harganya worth it recommended seller,1
mantapnya makanannya nyaman produknya joss lanjutkan,1
untungnya produknya sesuai ekspektasi pokoknya puas,1
alhamdulillah tempatnya enak sekali lanjutkan,1
asyiknya produknya keren semoga makin sukses,1
pengirimannya joss terima kasih banyak,1
senang sekali rasanya memuaskan fiturnya keren the best,1
kecewa karena pengirimannya rusak filmnya tidak sesuai,0
asyiknya kualitasnya worth it mantap jiwa,1
desainnya mahal tidak sebanding kapok beli di sini,0
alhamdulillah barangnya bagus banget five stars,1
untungnya rasanya nyaman packingnya mantap akan langganan,1
untungnya pelayanannya sesuai ekspektasi lanjutkan,1
asyiknya makanannya rapi lanjutkan,1
buruknya pengirimannya menyebalkan tidak akan kembali lagi,0
parahnya barangnya mengecewakan rugi besar,0
parahnya barangnya lama banget sangat kecewa,0
parahnya makanannya jelek banget zonk,0
aplikasinya rapi rasanya melebihi harapan five stars,1
untungnya aplikasinya cepat filmnya bagus banget lanjutkan,1
mantapnya rasanya lengkap harganya sesuai ekspektasi pokoknya puas,1
sayang sekali pelayanannya hambar zonk,0
alhamdulillah makanannya oke punya filmnya bagus banget five stars,1
untungnya tempatnya oke punya,1
mantapnya fiturnya oke punya rasanya sesuai ekspektasi terima kasih banyak,1
puas karena makanannya lengkap filmnya ramah lanjutkan,1
senang sekali kualitasnya joss lanjutkan,1
pelayanannya berantakan tidak rekomen,0
produknya lemot kapok beli di sini,0
asyiknya fiturnya keren tempatnya luar biasa recommended seller,1
senang sekali rasanya luar biasa lanjutkan,1
respon sellernya mahal tidak sebanding harganya cacat minta refund,0
untungnya pengirimannya memuaskan suka sekali,1
puas karena harganya luar biasa the best,1
asyiknya harganya sangat membantu respon sellernya joss five stars,1
masalahnya barangnya tidak ramah pelayanan perlu diperbaiki,0
tempatnya nyaman bakal beli lagi,1
alhamdulillah makanannya mantap produknya nyaman tidak menyesal beli,1
pelayanannya ramah recommended seller,1
untungnya desainnya enak sekali fiturnya enak sekali tidak menyesal beli,1
produknya murahan zonk,0
sayang sekali pelayanannya jelek banget rasanya kasar tidak sesuai harapan,0
kecewa karena pengirimannya menyebalkan tempatnya lama banget buang buang uang,0
harganya jelek banget tidak akan kembali lagi,0
alhamdulillah pelayanannya berkualitas recommended seller,1
untungnya barangnya joss mantap jiwa,1
kecewa karena pengirimannya berantakan minta refund,0
alhamdulillah filmnya nyaman terima kasih banyak,1
respon sellernya keren tempatnya luar biasa five stars,1
mantapnya respon sellernya mantap fiturnya ramah recommended seller,1
parahnya makanannya mahal tidak sebanding sangat kecewa,0
alhamdulillah fiturnya sangat membantu recommended seller,1
aplikasinya lama banget pelayanan perlu diperbaiki,0
masalahnya harganya kasar kualitasnya kasar sangat kecewa,0
puas karena fiturnya top markotop filmnya recommended sangat direkomendasikan,1
asyiknya filmnya bagus banget harganya top markotop,1
asyiknya filmnya cepat aplikasinya recommended sangat direkomendasikan,1
respon sellernya tidak original,0
mantapnya desainnya joss tempatnya oke punya the best,1
tempatnya buruk kapok beli di sini,0
asyiknya kualitasnya memuaskan produknya oke punya puas banget,1
barangnya memuaskan sangat direkomendasikan,1
sayangnya respon sellernya menyebalkan filmnya tidak original tidak akan kembali lagi,0
masalahnya desainnya mengecewakan kapok beli di sini,0
senang sekali pengirimannya mantap the best,1
alhamdulillah tempatnya joss filmnya oke punya tidak menyesal beli,1
mantapnya makanannya joss puas banget,1
asyiknya pengirimannya memuaskan sangat direkomendasikan,1
respon sellernya membosankan aplikasinya mahal tidak sebanding kapok beli di sini,0
makanannya rusak pengirimannya tidak original buang buang uang,0
mantapnya makanannya enak sekali bakal beli lagi,1
alhamdulillah makanannya lengkap the best,1
untungnya pelayanannya nyaman,1
mantapnya fiturnya oke punya recommended seller,1
parahnya desainnya cacat,0
puas karena filmnya nyaman makanannya ramah puas banget,1
sayangnya harganya menyebalkan desainnya jelek banget zonk,0
parahnya produknya parah filmnya kasar tidak rekomen,0
kecewa karena rasanya buruk barangnya mengecewakan kapok beli di sini,0
sayangnya barangnya hambar,0
sayang sekali produknya hambar minta refund,0
sayangnya tempatnya murahan harganya mengecewakan tidak akan kembali lagi,0
mantapnya rasanya top markotop pelayanannya cepat five stars,1
asyiknya rasanya ramah barangnya joss terima kasih banyak,1
puas karena produknya cepat bakal beli lagi,1
kecewa karena respon sellernya lambat rasanya menyebalkan tidak rekomen,0
asyiknya aplikasinya recommended suka sekali,1
mantapnya kualitasnya luar biasa aplikasinya sangat membantu bakal beli lagi,1
pelayanannya sesuai ekspektasi bakal beli lagi,1
fiturnya oke punya aplikasinya sangat membantu mantap jiwa,1
asyiknya fiturnya ramah mantap jiwa,1
rasanya murahan tempatnya lambat tidak rekomen,0
sayang sekali makanannya tidak original zonk,0
mantapnya pelayanannya lengkap sangat direkomendasikan,1
masalahnya pengirimannya rusak pelayanan perlu diperbaiki,0
senang sekali respon sellernya enak sekali packingnya oke punya pokoknya puas,1
asyiknya rasanya ramah pelayanannya worth it tidak menyesal beli,1
senang sekali produknya sesuai ekspektasi mantap jiwa,1
untungnya pengirimannya mantap pelayanannya lengkap mantap jiwa,1
asyiknya desainnya berkualitas packingnya bagus banget terima kasih banyak,1
untungnya respon sellernya cepat five stars,1
kualitasnya berantakan,0
alhamdulillah kualitasnya luar biasa bakal beli lagi,1
mantapnya produknya luar biasa bakal beli lagi,1
aplikasinya rusak tempatnya jelek banget tidak sesuai harapan,0
kecewa karena fiturnya rusak tidak akan kembali lagi,0
senang sekali fiturnya memuaskan puas banget,1
senang sekali packingnya joss lanjutkan,1
masalahnya desainnya rusak kapok beli di sini,0
alhamdulillah desainnya keren packingnya sesuai ekspektasi,1
sayang sekali tempatnya membosankan barangnya cacat zonk,0
kecewa karena pengirimannya buruk tidak sesuai harapan,0
pengirimannya luar biasa pokoknya puas,1
kecewa karena rasanya tidak sesuai respon sellernya parah tidak rekomen,0
desainnya keren tidak menyesal beli,1
kecewa karena produknya tidak original tidak rekomen,0
senang sekali aplikasinya top markotop suka sekali,1
sayangnya pelayanannya cacat harganya murahan jangan beli,0
mantapnya kualitasnya memuaskan,1
buruknya respon sellernya error terus fiturnya error terus bikin kesal,0
barangnya mengecewakan menyesal sekali,0
untungnya kualitasnya sangat membantu suka sekali,1
asyiknya barangnya keren respon sellernya sesuai ekspektasi,1
fiturnya sesuai ekspektasi tempatnya recommended akan langganan,1
sayangnya packingnya kasar pelayanannya parah jangan beli,0
puas karena packingnya oke punya produknya nyaman tidak menyesal beli,1
sayang sekali rasanya menyebalkan sangat mengecewakan,0
sayangnya pelayanannya hambar jangan beli,0
masalahnya makanannya jelek banget pelayanannya tidak sesuai sangat kecewa,0
buruknya fiturnya hambar zonk,0
sayang sekali harganya parah sangat mengecewakan,0
senang sekali pelayanannya lengkap terima kasih banyak,1
untungnya produknya recommended respon sellernya sesuai ekspektasi pokoknya puas,1
buruknya harganya jelek banget bikin kesal,0
puas karena respon sellernya enak sekali bakal beli lagi,1
sayangnya makanannya jelek banget produknya error terus pelayanan perlu diperbaiki,0
untungnya tempatnya nyaman terima kasih banyak,1
pelayanannya murahan kualitasnya lemot bikin kesal,0
rasanya murahan pengirimannya parah pelayanan perlu diperbaiki,0
kecewa karena tempatnya tidak sesuai aplikasinya mahal tidak sebanding rugi besar,0
sayang sekali tempatnya cacat pengirimannya tidak ramah zonk,0
mantapnya packingnya luar biasa harganya nyaman bakal beli lagi,1
masalahnya aplikasinya hambar rugi besar,0
untungnya filmnya lengkap recommended seller,1
mantapnya kualitasnya bagus banget bakal beli lagi,1
untungnya harganya ramah desainnya ramah akan langganan,1
alhamdulillah harganya rapi puas banget,1
kecewa karena produknya lama banget pengirimannya lama banget kapok beli di sini,0
puas karena pengirimannya bagus banget rasanya enak sekali semoga makin sukses,1
masalahnya makanannya parah aplikasinya tidak ramah sangat kecewa,0
masalahnya barangnya hambar bikin kesal,0
mantapnya aplikasinya enak sekali harganya lengkap sangat direkomendasikan,1
senang sekali rasanya ramah lanjutkan,1
sayangnya barangnya menyebalkan tidak sesuai harapan,0
alhamdulillah fiturnya sangat membantu barangnya cepat sangat direkomendasikan,1
masalahnya tempatnya error terus pengirimannya murahan menyesal sekali,0
sayang sekali pelayanannya parah barangnya rusak sangat kecewa,0
sayang sekali harganya kasar zonk,0
kecewa karena filmnya tidak ramah barangnya lambat tidak rekomen,0
sayangnya pelayanannya murahan produknya berantakan rugi besar,0
buruknya filmnya mahal tidak sebanding produknya membosankan buang buang uang,0
puas karena pelayanannya memuaskan lanjutkan,1
mantapnya harganya oke punya lanjutkan,1
mantapnya filmnya luar biasa respon sellernya keren terima kasih banyak,1
sayang sekali makanannya cacat kapok beli di sini,0
parahnya harganya buruk pengirimannya berantakan minta refund,0
kualitasnya lambat pelayanan perlu diperbaiki,0
barangnya sesuai ekspektasi five stars,1
senang sekali tempatnya memuaskan fiturnya sangat membantu puas banget,1
asyiknya pengirimannya keren tempatnya worth it suka sekali,1
untungnya produknya recommended desainnya rapi suka sekali,1
buruknya packingnya kasar rasanya buruk menyesal sekali,0
buruknya desainnya murahan sangat mengecewakan,0
sayang sekali produknya lama banget bikin kesal,0
sayangnya fiturnya buruk kapok beli di sini,0
asyiknya fiturnya worth it filmnya luar biasa suka sekali,1
parahnya fiturnya murahan filmnya lambat tidak akan kembali lagi,0
puas karena respon sellernya ramah pelayanannya ramah sangat direkomendasikan,1
rasanya tidak sesuai sangat mengecewakan,0
buruknya rasanya mahal tidak sebanding minta refund,0
asyiknya tempatnya recommended barangnya mantap the best,1
rasanya tidak ramah aplikasinya tidak sesuai buang buang uang,0
sayangnya rasanya membosankan barangnya error terus pelayanan perlu diperbaiki,0
parahnya tempatnya tidak original barangnya tidak original buang buang uang,0
puas karena respon sellernya mantap harganya luar biasa sangat direkomendasikan,1
asyiknya desainnya melebihi harapan kualitasnya luar biasa sangat direkomendasikan,1
buruknya rasanya tidak sesuai packingnya jelek banget rugi besar,0
buruknya aplikasinya menyebalkan fiturnya tidak original tidak akan kembali lagi,0
senang sekali barangnya mantap,1
sayangnya tempatnya tidak ramah respon sellernya hambar tidak rekomen,0
sayangnya harganya menyebalkan menyesal sekali,0
masalahnya rasanya tidak original pengirimannya tidak ramah pelayanan perlu diperbaiki,0
mantapnya filmnya oke punya aplikasinya ramah suka sekali,1
buruknya packingnya menyebalkan respon sellernya kasar menyesal sekali,0
untungnya tempatnya top markotop lanjutkan,1
masalahnya rasanya parah buang buang uang,0
buruknya filmnya mahal tidak sebanding packingnya tidak sesuai bikin kesal,0
sayang sekali aplikasinya lambat buang buang uang,0
puas karena pelayanannya nyaman harganya worth it pokoknya puas,1
masalahnya filmnya cacat kapok beli di sini,0
asyiknya pengirimannya memuaskan produknya recommended the best,1
mantapnya fiturnya joss bakal beli lagi,1
masalahnya makanannya kasar packingnya berantakan bikin kesal,0
mantapnya fiturnya worth it,1
puas karena makanannya bagus banget,1
parahnya barangnya rusak pengirimannya kasar sangat mengecewakan,0
senang sekali fiturnya cepat filmnya top markotop puas banget,1
rasanya kasar bikin kesal,0
asyiknya filmnya memuaskan recommended seller,1
parahnya barangnya menyebalkan fiturnya jelek banget bikin kesal,0
senang sekali barangnya enak sekali puas banget,1
sayangnya aplikasinya menyebalkan harganya tidak ramah menyesal sekali,0
puas karena makanannya berkualitas packingnya berkualitas the best,1
puas karena rasanya sangat membantu sangat direkomendasikan,1
untungnya aplikasinya worth it mantap jiwa,1
mantapnya packingnya ramah fiturnya berkualitas lanjutkan,1
makanannya jelek banget desainnya tidak original kapok beli di sini,0
filmnya rapi pokoknya puas,1
puas karena respon sellernya rapi rasanya memuaskan pokoknya puas,1
kecewa karena rasanya tidak ramah makanannya mahal tidak sebanding kapok beli di sini,0
kecewa karena pengirimannya mahal tidak sebanding makanannya jelek banget sangat mengecewakan,0
kecewa karena makanannya murahan desainnya parah zonk,0
senang sekali respon sellernya sesuai ekspektasi terima kasih banyak,1
sayangnya aplikasinya menyebalkan sangat kecewa,0
asyiknya fiturnya luar biasa filmnya joss suka sekali,1
sayang sekali tempatnya membosankan desainnya mahal tidak sebanding buang buang uang,0
sayangnya filmnya rusak buang buang uang,0
parahnya harganya buruk pelayanannya mengecewakan tidak sesuai harapan,0
untungnya filmnya bagus banget packingnya cepat sangat direkomendasikan,1
puas karena aplikasinya ramah tidak menyesal beli,1
mantapnya pelayanannya sangat membantu makanannya oke punya sangat direkomendasikan,1
alhamdulillah packingnya berkualitas lanjutkan,1
buruknya packingnya menyebalkan tempatnya hambar kapok beli di sini,0
kecewa karena pelayanannya berantakan desainnya membosankan buang buang uang,0
puas karena tempatnya recommended semoga makin sukses,1
asyiknya rasanya enak sekali makanannya joss suka sekali,1
untungnya respon sellernya nyaman lanjutkan,1
puas karena tempatnya berkualitas lanjutkan,1
rasanya sesuai ekspektasi bakal beli lagi,1
masalahnya fiturnya lambat respon sellernya buruk,0
senang sekali fiturnya mantap kualitasnya recommended,1
senang sekali rasanya memuaskan puas banget,1
parahnya packingnya murahan zonk,0
produknya error terus filmnya lama banget kapok beli di sini,0
asyiknya fiturnya nyaman tempatnya sesuai ekspektasi recommended seller,1
sayang sekali produknya mahal tidak sebanding tidak rekomen,0
senang sekali fiturnya cepat produknya melebihi harapan terima kasih banyak,1
senang sekali fiturnya bagus banget tidak menyesal beli,1
untungnya produknya bagus banget rasanya luar biasa suka sekali,1
sayang sekali harganya menyebalkan desainnya parah zonk,0
rasanya tidak original sangat mengecewakan,0
buruknya packingnya tidak sesuai makanannya rusak kapok beli di sini,0
puas karena pengirimannya recommended harganya rapi pokoknya puas,1
mantapnya packingnya keren makanannya mantap suka sekali,1
puas karena produknya enak sekali harganya berkualitas sangat direkomendasikan,1
senang sekali harganya bagus banget terima kasih banyak,1
sayang sekali barangnya lama banget zonk,0
untungnya barangnya melebihi harapan bakal beli lagi,1
untungnya kualitasnya berkualitas akan langganan,1
mantapnya makanannya rapi produknya mantap tidak menyesal beli,1
mantapnya fiturnya berkualitas rasanya cepat tidak menyesal beli,1
kecewa karena pelayanannya kasar pengirimannya error terus tidak rekomen,0
untungnya fiturnya oke punya rasanya luar biasa akan langganan,1
desainnya recommended pokoknya puas,1
puas karena barangnya ramah akan langganan,1
kecewa karena makanannya lama banget fiturnya membosankan rugi besar,0
buruknya packingnya rusak sangat kecewa,0
sayangnya kualitasnya hambar rasanya buruk,0
asyiknya desainnya mantap lanjutkan,1
kecewa karena tempatnya cacat pengirimannya tidak original tidak rekomen,0
sayangnya harganya lemot menyesal sekali,0
makanannya tidak sesuai tidak akan kembali lagi,0
parahnya produknya error terus tidak akan kembali lagi,0
sayang sekali pelayanannya jelek banget bikin kesal,0
masalahnya desainnya menyebalkan pelayanan perlu diperbaiki,0
sayangnya pengirimannya lemot bikin kesal,0
asyiknya fiturnya melebihi harapan makanannya rapi sangat direkomendasikan,1
senang sekali barangnya nyaman recommended seller,1
filmnya oke punya terima kasih banyak,1
mantapnya packingnya mantap respon sellernya luar biasa bakal beli lagi,1
sayangnya aplikasinya mahal tidak sebanding sangat mengecewakan,0
sayangnya makanannya tidak sesuai sangat mengecewakan,0
sayangnya produknya murahan desainnya kasar bikin kesal,0
asyiknya fiturnya ramah sangat direkomendasikan,1
senang sekali aplikasinya rapi rasanya lengkap semoga makin sukses,1
senang sekali kualitasnya recommended respon sellernya memuaskan akan langganan,1
alhamdulillah aplikasinya keren the best,1
puas karena kualitasnya rapi terima kasih banyak,1
sayang sekali filmnya lama banget kapok beli di sini,0
pelayanannya tidak original packingnya kasar jangan beli,0
puas karena respon sellernya oke punya pengirimannya berkualitas lanjutkan,1
asyiknya harganya luar biasa lanjutkan,1
sayangnya kualitasnya lama banget rugi besar,0
asyiknya respon sellernya memuaskan pelayanannya joss the best,1
masalahnya fiturnya membosankan bikin kesal,0
alhamdulillah desainnya ramah kualitasnya enak sekali sangat direkomendasikan,1
sayangnya rasanya lama banget minta refund,0
packingnya top markotop terima kasih banyak,1
untungnya tempatnya ramah harganya worth it pokoknya puas,1
puas karena tempatnya bagus banget,1
fiturnya cepat puas banget,1
senang sekali aplikasinya oke punya fiturnya memuaskan pokoknya puas,1
sayangnya aplikasinya tidak sesuai tidak rekomen,0
desainnya tidak ramah rasanya rusak sangat kecewa,0
kecewa karena rasanya lemot makanannya jelek banget minta refund,0
senang sekali produknya keren rasanya lengkap sangat direkomendasikan,1
rasanya berantakan respon sellernya tidak ramah buang buang uang,0
asyiknya packingnya lengkap respon sellernya recommended terima kasih banyak,1
asyiknya desainnya melebihi harapan makanannya cepat puas banget,1
kualitasnya worth it,1
kecewa karena rasanya berantakan pengirimannya berantakan jangan beli,0
produknya menyebalkan rugi besar,0
masalahnya aplikasinya buruk pengirimannya cacat sangat kecewa,0
senang sekali pengirimannya oke punya packingnya lengkap terima kasih banyak,1
sayangnya barangnya parah aplikasinya parah buang buang uang,0
buruknya packingnya mengecewakan,0
senang sekali kualitasnya top markotop pokoknya puas,1
desainnya memuaskan makanannya nyaman suka sekali,1
parahnya pengirimannya mahal tidak sebanding bikin kesal,0
alhamdulillah tempatnya melebihi harapan packingnya sesuai ekspektasi five stars,1
untungnya harganya joss produknya sangat membantu puas banget,1
fiturnya lemot respon sellernya buruk rugi besar,0
alhamdulillah respon sellernya ramah the best,1
alhamdulillah harganya memuaskan five stars,1
mantapnya makanannya recommended harganya luar biasa the best,1
untungnya produknya worth it barangnya nyaman bakal beli lagi,1
senang sekali filmnya ramah the best,1
parahnya fiturnya tidak ramah buang buang uang,0
sayang sekali aplikasinya rusak kualitasnya tidak ramah sangat kecewa,0
buruknya respon sellernya cacat rugi besar,0
alhamdulillah filmnya lengkap semoga makin sukses,1
alhamdulillah produknya sesuai ekspektasi aplikasinya bagus banget akan langganan,1
asyiknya rasanya berkualitas pengirimannya sesuai ekspektasi pokoknya puas,1
asyiknya rasanya mantap five stars,1
mantapnya kualitasnya melebihi harapan,1
sayang sekali pengirimannya membosankan minta refund,0
mantapnya tempatnya recommended,1
asyiknya desainnya sangat membantu packingnya ramah pokoknya puas,1
buruknya aplikasinya buruk tidak sesuai harapan,0
buruknya packingnya menyebalkan tempatnya mengecewakan tidak sesuai harapan,0
buruknya fiturnya menyebalkan makanannya kasar tidak sesuai harapan,0
parahnya rasanya cacat jangan beli,0
parahnya desainnya membosankan bikin kesal,0
kualitasnya tidak original filmnya rusak sangat mengecewakan,0
untungnya aplikasinya nyaman pokoknya puas,1
puas karena makanannya rapi desainnya bagus banget lanjutkan,1
alhamdulillah kualitasnya sesuai ekspektasi akan langganan,1
puas karena desainnya oke punya five stars,1
barangnya ramah aplikasinya keren recommended seller,1
parahnya makanannya mahal tidak sebanding produknya parah sangat kecewa,0
puas karena kualitasnya memuaskan recommended seller,1
masalahnya rasanya hambar,0
sayang sekali harganya error terus kapok beli di sini,0
respon sellernya top markotop,1
buruknya filmnya tidak original menyesal sekali,0
sayang sekali filmnya jelek banget tidak akan kembali lagi,0
sayang sekali harganya cacat kapok beli di sini,0
buruknya kualitasnya cacat tidak akan kembali lagi,0
sayang sekali desainnya membosankan rasanya lemot sangat kecewa,0
sayangnya filmnya error terus pelayanan perlu diperbaiki,0
sayangnya respon sellernya tidak ramah kualitasnya membosankan sangat kecewa,0
parahnya produknya error terus kapok beli di sini,0
untungnya rasanya recommended produknya berkualitas mantap jiwa,1
senang sekali packingnya luar biasa mantap jiwa,1
sayang sekali produknya mengecewakan harganya error terus,0
alhamdulillah respon sellernya ramah,1
mantapnya makanannya worth it puas banget,1
mantapnya kualitasnya melebihi harapan tempatnya worth it mantap jiwa,1
mantapnya harganya ramah respon sellernya joss pokoknya puas,1
asyiknya produknya nyaman bakal beli lagi,1
alhamdulillah barangnya enak sekali respon sellernya berkualitas sangat direkomendasikan,1
parahnya produknya tidak original minta refund,0
senang sekali pengirimannya enak sekali kualitasnya berkualitas semoga makin sukses,1
alhamdulillah harganya enak sekali filmnya nyaman semoga makin sukses,1
pengirimannya worth it bakal beli lagi,1
puas karena aplikasinya sesuai ekspektasi makanannya berkualitas sangat direkomendasikan,1
untungnya makanannya lengkap bakal beli lagi,1
senang sekali desainnya enak sekali packingnya memuaskan bakal beli lagi,1
alhamdulillah packingnya sesuai ekspektasi sangat direkomendasikan,1
buruknya desainnya rusak tidak sesuai harapan,0
tempatnya luar biasa semoga makin sukses,1
harganya mengecewakan,0
mantapnya desainnya luar biasa terima kasih banyak,1
sayangnya makanannya menyebalkan sangat mengecewakan,0
sayang sekali harganya mahal tidak sebanding pelayanan perlu diperbaiki,0
buruknya pelayanannya lambat buang buang uang,0
kualitasnya membosankan jangan beli,0
puas karena desainnya berkualitas barangnya bagus banget bakal beli lagi,1
buruknya produknya hambar aplikasinya tidak original sangat mengecewakan,0
sayangnya pelayanannya kasar tidak sesuai harapan,0
untungnya pelayanannya ramah tempatnya sangat membantu akan langganan,1
untungnya rasanya bagus banget terima kasih banyak,1
kecewa karena respon sellernya tidak original sangat mengecewakan,0
masalahnya pengirimannya error terus fiturnya jelek banget buang buang uang,0
aplikasinya memuaskan packingnya memuaskan semoga makin sukses,1
pelayanannya jelek banget makanannya lemot sangat mengecewakan,0
produknya top markotop harganya melebihi harapan semoga makin sukses,1
rasanya lengkap harganya bagus banget the best,1
mantapnya barangnya berkualitas sangat direkomendasikan,1
masalahnya rasanya kasar tempatnya lemot sangat mengecewakan,0
puas karena rasanya berkualitas respon sellernya worth it semoga makin sukses,1
packingnya buruk,0
kecewa karena aplikasinya cacat makanannya tidak sesuai jangan beli,0
parahnya desainnya lambat filmnya membosankan buang buang uang,0
sayangnya packingnya mengecewakan pengirimannya lambat,0
kecewa karena kualitasnya rusak aplikasinya hambar bikin kesal,0
puas karena barangnya lengkap sangat direkomendasikan,1
sayang sekali rasanya rusak pelayanan perlu diperbaiki,0
fiturnya cacat minta refund,0
kecewa karena respon sellernya kasar fiturnya parah tidak akan kembali lagi,0
produknya mantap pokoknya puas,1
masalahnya fiturnya tidak ramah kapok beli di sini,0
sayang sekali kualitasnya murahan filmnya error terus rugi besar,0
masalahnya filmnya hambar kualitasnya tidak ramah tidak akan kembali lagi,0
sayangnya harganya tidak ramah tempatnya tidak sesuai sangat kecewa,0
puas karena barangnya top markotop pengirimannya keren mantap jiwa,1
tempatnya melebihi harapan respon sellernya joss,1
makanannya bagus banget pengirimannya enak sekali recommended seller,1
buruknya desainnya tidak ramah kapok beli di sini,0
pelayanannya cepat tempatnya bagus banget,1
buruknya harganya lambat kapok beli di sini,0
respon sellernya enak sekali desainnya melebihi harapan puas banget,1
sayangnya barangnya rusak sangat kecewa,0
senang sekali rasanya bagus banget kualitasnya sangat membantu terima kasih banyak,1
alhamdulillah kualitasnya recommended suka sekali,1
parahnya barangnya kasar zonk,0
buruknya tempatnya lama banget desainnya kasar jangan beli,0
sayangnya pelayanannya mahal tidak sebanding rugi besar,0
sayangnya produknya hambar bikin kesal,0
kecewa karena pelayanannya tidak original tidak sesuai harapan,0
asyiknya produknya recommended rasanya sangat membantu puas banget,1
pengirimannya top markotop five stars,1
asyiknya filmnya sesuai ekspektasi mantap jiwa,1
rasanya murahan respon sellernya parah tidak rekomen,0
sayang sekali tempatnya cacat kapok beli di sini,0
mantapnya packingnya enak sekali pengirimannya joss tidak menyesal beli,1
sayang sekali kualitasnya error terus packingnya buruk menyesal sekali,0
makanannya mengecewakan desainnya cacat bikin kesal,0
mantapnya filmnya mantap produknya nyaman mantap jiwa,1
sayang sekali rasanya mahal tidak sebanding aplikasinya menyebalkan bikin kesal,0
buruknya barangnya hambar packingnya berantakan jangan beli,0
mantapnya pengirimannya ramah respon sellernya recommended five stars,1
tempatnya kasar produknya kasar sangat mengecewakan,0
senang sekali makanannya worth it bakal beli lagi,1
senang sekali makanannya bagus banget desainnya sangat membantu recommended seller,1
masalahnya tempatnya membosankan desainnya lemot minta refund,0
mantapnya packingnya luar biasa five stars,1
mantapnya pelayanannya rapi packingnya bagus banget pokoknya puas,1
asyiknya makanannya mantap rasanya memuaskan recommended seller,1
buruknya respon sellernya tidak sesuai,0
puas karena tempatnya cepat fiturnya sesuai ekspektasi the best,1
kecewa karena pengirimannya cacat desainnya tidak original pelayanan perlu diperbaiki,0
pengirimannya oke punya respon sellernya oke punya recommended seller,1
untungnya packingnya sangat membantu desainnya enak sekali suka sekali,1
makanannya melebihi harapan pengirimannya rapi tidak menyesal beli,1
kualitasnya error terus harganya mengecewakan tidak sesuai harapan,0
kecewa karena aplikasinya menyebalkan tidak sesuai harapan,0
masalahnya aplikasinya hambar tempatnya berantakan sangat kecewa,0
parahnya aplikasinya cacat produknya membosankan tidak akan kembali lagi,0
parahnya barangnya tidak sesuai tidak rekomen,0
parahnya barangnya tidak ramah kapok beli di sini,0
senang sekali produknya memuaskan filmnya enak sekali five stars,1
puas karena fiturnya enak sekali harganya bagus banget terima kasih banyak,1
buruknya makanannya berantakan buang buang uang,0
asyiknya pengirimannya nyaman barangnya berkualitas recommended seller,1
mantapnya respon sellernya luar biasa recommended seller,1
buruknya harganya hambar tempatnya kasar zonk,0
sayangnya desainnya buruk harganya parah,0
asyiknya produknya keren kualitasnya cepat pokoknya puas,1
buruknya harganya jelek banget pengirimannya lemot rugi besar,0
kualitasnya hambar sangat mengecewakan,0
mantapnya aplikasinya memuaskan tempatnya joss,1
mantapnya produknya cepat rasanya enak sekali the best,1
masalahnya filmnya mengecewakan harganya parah,0
masalahnya pengirimannya rusak jangan beli,0
sayang sekali pengirimannya membosankan buang buang uang,0
asyiknya produknya ramah tempatnya mantap sangat direkomendasikan,1
sayang sekali packingnya rusak sangat mengecewakan,0
parahnya kualitasnya tidak sesuai pelayanan perlu diperbaiki,0
puas karena produknya oke punya makanannya memuaskan bakal beli lagi,1
parahnya respon sellernya lemot kualitasnya berantakan sangat kecewa,0
kecewa karena produknya rusak jangan beli,0
pengirimannya berantakan desainnya parah pelayanan perlu diperbaiki,0
untungnya tempatnya oke punya pengirimannya enak sekali pokoknya puas,1
untungnya packingnya cepat barangnya sangat membantu,1
sayang sekali produknya cacat packingnya berantakan pelayanan perlu diperbaiki,0
asyiknya rasanya sesuai ekspektasi the best,1
untungnya pengirimannya enak sekali suka sekali,1
pelayanannya membosankan packingnya tidak original,0
sayang sekali makanannya membosankan aplikasinya lambat sangat mengecewakan,0
buruknya makanannya mengecewakan rugi besar,0
kecewa karena pelayanannya lambat bikin kesal,0
sayangnya fiturnya cacat pengirimannya lambat tidak rekomen,0
kecewa karena produknya kasar pelayanan perlu diperbaiki,0
parahnya makanannya lama banget kualitasnya error terus jangan beli,0
senang sekali filmnya cepat respon sellernya enak sekali semoga makin sukses,1
puas karena desainnya bagus banget sangat direkomendasikan,1
pelayanannya melebihi harapan puas banget,1
masalahnya packingnya menyebalkan tidak akan kembali lagi,0
sayangnya packingnya cacat fiturnya buruk tidak akan kembali lagi,0
sayangnya rasanya jelek banget tidak sesuai harapan,0
sayang sekali packingnya parah sangat kecewa,0
sayangnya aplikasinya tidak ramah produknya mengecewakan rugi besar,0
buruknya filmnya mahal tidak sebanding fiturnya menyebalkan kapok beli di sini,0
alhamdulillah produknya sesuai ekspektasi fiturnya recommended the best,1
sayang sekali produknya parah menyesal sekali,0
untungnya packingnya nyaman terima kasih banyak,1
asyiknya harganya oke punya rasanya mantap bakal beli lagi,1
mantapnya makanannya recommended five stars,1
rasanya recommended suka sekali,1
sayangnya makanannya lambat kapok beli di sini,0
sayang sekali desainnya tidak sesuai pengirimannya rusak jangan beli,0
kecewa karena respon sellernya tidak original tidak akan kembali lagi,0
masalahnya makanannya cacat,0
mantapnya desainnya joss filmnya memuaskan recommended seller,1
parahnya harganya menyebalkan tidak rekomen,0
puas karena tempatnya lengkap mantap jiwa,1
senang sekali desainnya lengkap barangnya oke punya the best,1
parahnya pengirimannya hambar minta refund,0
kecewa karena tempatnya mahal tidak sebanding packingnya lemot zonk,0
alhamdulillah respon sellernya sesuai ekspektasi kualitasnya berkualitas akan langganan,1
puas karena makanannya joss kualitasnya bagus banget suka sekali,1
untungnya barangnya lengkap semoga makin sukses,1
sayang sekali desainnya hambar fiturnya rusak zonk,0
masalahnya pengirimannya mahal tidak sebanding sangat mengecewakan,0
sayangnya pengirimannya mahal tidak sebanding rasanya hambar sangat mengecewakan,0
sayang sekali filmnya membosankan harganya mahal tidak sebanding bikin kesal,0
puas karena filmnya berkualitas respon sellernya ramah mantap jiwa,1
untungnya pelayanannya rapi filmnya recommended lanjutkan,1
kecewa karena harganya error terus produknya kasar menyesal sekali,0
masalahnya filmnya parah pelayanan perlu diperbaiki,0
alhamdulillah produknya bagus banget filmnya luar biasa recommended seller,1
sayangnya fiturnya error terus harganya mengecewakan minta refund,0
sayangnya tempatnya tidak ramah kualitasnya membosankan tidak sesuai harapan,0
masalahnya tempatnya lemot bikin kesal,0
masalahnya pelayanannya lemot tidak rekomen,0
buruknya respon sellernya tidak sesuai tempatnya lama banget pelayanan perlu diperbaiki,0
puas karena desainnya sangat membantu mantap jiwa,1
senang sekali respon sellernya worth it akan langganan,1
kecewa karena pengirimannya tidak sesuai pelayanan perlu diperbaiki,0
buruknya pengirimannya tidak original sangat kecewa,0
masalahnya desainnya murahan pelayanannya lemot bikin kesal,0
buruknya tempatnya error terus minta refund,0
alhamdulillah pelayanannya worth it sangat direkomendasikan,1
asyiknya pelayanannya lengkap recommended seller,1
puas karena aplikasinya mantap lanjutkan,1
alhamdulillah desainnya enak sekali tempatnya enak sekali lanjutkan,1
alhamdulillah aplikasinya melebihi harapan packingnya mantap bakal beli lagi,1
fiturnya cepat sangat direkomendasikan,1
alhamdulillah makanannya melebihi harapan harganya bagus banget lanjutkan,1
masalahnya harganya lemot tidak rekomen,0
desainnya tidak sesuai produknya mengecewakan sangat kecewa,0
sayang sekali makanannya error terus barangnya mahal tidak sebanding kapok beli di sini,0
parahnya tempatnya berantakan respon sellernya parah menyesal sekali,0
sayang sekali produknya lemot tempatnya rusak menyesal sekali,0
parahnya pelayanannya buruk makanannya lama banget minta refund,0
senang sekali filmnya sesuai ekspektasi respon sellernya top markotop suka sekali,1
masalahnya filmnya tidak ramah jangan beli,0
sayang sekali aplikasinya tidak original fiturnya membosankan sangat mengecewakan,0
asyiknya kualitasnya sangat membantu pokoknya puas,1
asyiknya harganya memuaskan desainnya recommended sangat direkomendasikan,1
sayangnya desainnya cacat minta refund,0
senang sekali aplikasinya keren akan langganan,1
untungnya desainnya bagus banget produknya enak sekali five stars,1
parahnya barangnya murahan jangan beli,0
mantapnya kualitasnya enak sekali the best,1
mantapnya respon sellernya cepat lanjutkan,1
parahnya rasanya parah makanannya error terus bikin kesal,0
puas karena rasanya nyaman five stars,1
mantapnya makanannya top markotop lanjutkan,1
sayangnya fiturnya error terus,0
mantapnya produknya lengkap filmnya ramah,1
sayangnya produknya lambat pelayanan perlu diperbaiki,0
senang sekali filmnya nyaman respon sellernya mantap five stars,1
asyiknya respon sellernya rapi bakal beli lagi,1
mantapnya makanannya cepat mantap jiwa,1
mantapnya packingnya melebihi harapan semoga makin sukses,1
senang sekali makanannya keren aplikasinya ramah bakal beli lagi,1
untungnya pengirimannya joss tempatnya recommended mantap jiwa,1
mantapnya kualitasnya nyaman packingnya memuaskan the best,1
masalahnya desainnya jelek banget kualitasnya lambat rugi besar,0
pengirimannya cacat sangat mengecewakan,0
asyiknya filmnya ramah packingnya recommended tidak menyesal beli,1
aplikasinya sesuai ekspektasi semoga makin sukses,1
senang sekali barangnya nyaman the best,1
aplikasinya buruk menyesal sekali,0
untungnya tempatnya recommended harganya lengkap akan langganan,1
senang sekali fiturnya bagus banget kualitasnya worth it terima kasih banyak,1
sayangnya barangnya murahan sangat kecewa,0
parahnya fiturnya mengecewakan zonk,0
masalahnya aplikasinya lama banget,0
filmnya cepat tempatnya top markotop pokoknya puas,1
mantapnya rasanya worth it the best,1
parahnya barangnya jelek banget tidak sesuai harapan,0
asyiknya desainnya oke punya respon sellernya berkualitas akan langganan,1
alhamdulillah pengirimannya nyaman pokoknya puas,1
parahnya pelayanannya berantakan kapok beli di sini,0
masalahnya tempatnya jelek banget barangnya cacat tidak rekomen,0
masalahnya filmnya mahal tidak sebanding desainnya cacat,0
sayang sekali tempatnya jelek banget produknya kasar sangat kecewa,0
untungnya produknya bagus banget harganya joss sangat direkomendasikan,1
masalahnya rasanya kasar pengirimannya lemot kapok beli di sini,0
sayangnya packingnya menyebalkan tidak rekomen,0
produknya memuaskan rasanya ramah recommended seller,1
mantapnya desainnya sesuai ekspektasi fiturnya sangat membantu semoga makin sukses,1
sayang sekali packingnya buruk pengirimannya lama banget zonk,0
buruknya packingnya mahal tidak sebanding kapok beli di sini,0
parahnya harganya murahan pelayanan perlu diperbaiki,0
aplikasinya error terus tidak sesuai harapan,0
mantapnya barangnya mantap five stars,1
kecewa karena aplikasinya menyebalkan sangat mengecewakan,0
alhamdulillah respon sellernya bagus banget pokoknya puas,1
parahnya barangnya lemot makanannya jelek banget buang buang uang,0
tempatnya error terus desainnya buruk zonk,0
senang sekali filmnya sangat membantu recommended seller,1
asyiknya barangnya lengkap fiturnya melebihi harapan recommended seller,1
kecewa karena makanannya tidak ramah minta refund,0
pelayanannya ramah respon sellernya sangat membantu semoga makin sukses,1
untungnya fiturnya sesuai ekspektasi pelayanannya lengkap pokoknya puas,1
mantapnya pelayanannya sangat membantu the best,1
rasanya sesuai ekspektasi mantap jiwa,1
senang sekali aplikasinya memuaskan respon sellernya lengkap akan langganan,1
buruknya respon sellernya rusak pelayanannya hambar minta refund,0
asyiknya produknya luar biasa pokoknya puas,1
mantapnya produknya top markotop packingnya berkualitas five stars,1
untungnya rasanya cepat semoga makin sukses,1
kecewa karena aplikasinya mahal tidak sebanding tidak akan kembali lagi,0
untungnya rasanya rapi akan langganan,1
fiturnya top markotop produknya cepat suka sekali,1
alhamdulillah makanannya oke punya recommended seller,1
untungnya aplikasinya melebihi harapan respon sellernya sesuai ekspektasi tidak menyesal beli,1
parahnya aplikasinya lama banget produknya error terus kapok beli di sini,0
kecewa karena fiturnya lama banget sangat mengecewakan,0
sayang sekali rasanya membosankan menyesal sekali,0
untungnya produknya oke punya pelayanannya worth it tidak menyesal beli,1
kecewa karena filmnya kasar menyesal sekali,0
senang sekali respon sellernya top markotop rasanya sangat membantu suka sekali,1
masalahnya filmnya menyebalkan barangnya error terus pelayanan perlu diperbaiki,0
mantapnya pelayanannya bagus banget recommended seller,1
sayang sekali barangnya tidak sesuai desainnya berantakan minta refund,0
alhamdulillah rasanya top markotop bakal beli lagi,1
puas karena pengirimannya melebihi harapan sangat direkomendasikan,1
sayangnya filmnya lemot harganya mahal tidak sebanding tidak sesuai harapan,0
asyiknya filmnya worth it harganya memuaskan tidak menyesal beli,1
buruknya pelayanannya menyebalkan desainnya murahan,0
puas karena fiturnya keren terima kasih banyak,1
sayangnya rasanya tidak sesuai tidak sesuai harapan,0
produknya lambat barangnya parah buang buang uang,0
parahnya barangnya berantakan tidak akan kembali lagi,0
kecewa karena makanannya murahan,0
parahnya produknya cacat tempatnya tidak ramah sangat kecewa,0
mantapnya aplikasinya rapi terima kasih banyak,1
buruknya rasanya cacat harganya murahan bikin kesal,0
sayangnya kualitasnya hambar kapok beli di sini,0
pelayanannya menyebalkan produknya mahal tidak sebanding zonk,0
mantapnya pelayanannya keren recommended seller,1
puas karena respon sellernya sangat membantu kualitasnya enak sekali suka sekali,1
untungnya barangnya sesuai ekspektasi pengirimannya nyaman,1
buruknya rasanya mahal tidak sebanding tidak sesuai harapan,0
sayang sekali makanannya error terus pengirimannya rusak,0
parahnya rasanya error terus kapok beli di sini,0
mantapnya tempatnya cepat akan langganan,1
buruknya aplikasinya rusak zonk,0
sayangnya harganya menyebalkan respon sellernya menyebalkan zonk,0
buruknya aplikasinya membosankan rasanya lama banget tidak sesuai harapan,0
asyiknya barangnya keren bakal beli lagi,1
masalahnya barangnya lambat produknya lemot,0
masalahnya kualitasnya hambar zonk,0
sayang sekali respon sellernya buruk rugi besar,0
alhamdulillah respon sellernya luar biasa desainnya recommended,1
kecewa karena barangnya buruk desainnya mahal tidak sebanding sangat kecewa,0
alhamdulillah pengirimannya joss lanjutkan,1
puas karena pengirimannya melebihi harapan bakal beli lagi,1
senang sekali pelayanannya oke punya harganya rapi lanjutkan,1
kecewa karena filmnya menyebalkan fiturnya tidak ramah menyesal sekali,0
masalahnya produknya lemot menyesal sekali,0
senang sekali rasanya keren filmnya berkualitas pokoknya puas,1
parahnya makanannya tidak original packingnya cacat tidak akan kembali lagi,0
alhamdulillah packingnya berkualitas pokoknya puas,1
kualitasnya oke punya semoga makin sukses,1
buruknya pelayanannya menyebalkan tidak rekomen,0
buruknya produknya menyebalkan makanannya rusak,0
untungnya harganya berkualitas suka sekali,1
buruknya aplikasinya cacat sangat kecewa,0
sayangnya kualitasnya kasar,0
senang sekali tempatnya melebihi harapan lanjutkan,1
puas karena fiturnya nyaman kualitasnya rapi akan langganan,1
puas karena packingnya berkualitas harganya keren puas banget,1
makanannya lama banget sangat kecewa,0
masalahnya kualitasnya mengecewakan rugi besar,0
parahnya pelayanannya membosankan kualitasnya jelek banget bikin kesal,0
sayangnya aplikasinya mahal tidak sebanding sangat kecewa,0
rasanya top markotop kualitasnya joss,1
sayang sekali desainnya tidak ramah harganya murahan buang buang uang,0
parahnya fiturnya cacat tidak akan kembali lagi,0
alhamdulillah kualitasnya berkualitas akan langganan,1
buruknya kualitasnya membosankan makanannya berantakan sangat mengecewakan,0
buruknya rasanya tidak ramah packingnya cacat jangan beli,0
respon sellernya nyaman semoga makin sukses,1
buruknya tempatnya tidak original tidak akan kembali lagi,0
pengirimannya rusak barangnya mahal tidak sebanding menyesal sekali,0
sayang sekali pelayanannya tidak original rasanya berantakan kapok beli di sini,0
desainnya murahan fiturnya parah,0
untungnya respon sellernya mantap kualitasnya cepat puas banget,1
mantapnya desainnya rapi lanjutkan,1
puas karena filmnya cepat puas banget,1
sayangnya kualitasnya mahal tidak sebanding filmnya buruk tidak rekomen,0
masalahnya harganya tidak original fiturnya parah tidak akan kembali lagi,0
buruknya packingnya tidak ramah bikin kesal,0
buruknya kualitasnya error terus filmnya lama banget menyesal sekali,0
harganya enak sekali suka sekali,1
sayang sekali makanannya tidak sesuai aplikasinya murahan tidak rekomen,0
sayangnya tempatnya tidak sesuai produknya berantakan tidak sesuai harapan,0
asyiknya filmnya sesuai ekspektasi harganya melebihi harapan terima kasih banyak,1
untungnya makanannya nyaman bakal beli lagi,1
respon sellernya murahan kapok beli di sini,0
buruknya filmnya cacat tidak rekomen,0
tempatnya top markotop packingnya joss mantap jiwa,1
tempatnya nyaman pokoknya puas,1
sayangnya produknya rusak rugi besar,0
untungnya fiturnya keren mantap jiwa,1
kecewa karena makanannya murahan rugi besar,0
alhamdulillah harganya recommended packingnya mantap puas banget,1
tempatnya enak sekali produknya cepat five stars,1
senang sekali rasanya joss aplikasinya lengkap tidak menyesal beli,1
sayangnya packingnya kasar pengirimannya lama banget rugi besar,0
harganya enak sekali produknya sesuai ekspektasi pokoknya puas,1
puas karena aplikasinya lengkap produknya cepat recommended seller,1
makanannya sesuai ekspektasi barangnya enak sekali semoga makin sukses,1
desainnya berantakan makanannya tidak sesuai buang buang uang,0
puas karena packingnya rapi fiturnya lengkap sangat direkomendasikan,1
puas karena harganya memuaskan filmnya nyaman suka sekali,1
masalahnya pelayanannya membosankan sangat kecewa,0
mantapnya respon sellernya top markotop terima kasih banyak,1
packingnya lambat aplikasinya jelek banget buang buang uang,0
asyiknya makanannya lengkap akan langganan,1
alhamdulillah desainnya lengkap lanjutkan,1
senang sekali filmnya sesuai ekspektasi pelayanannya sangat membantu sangat direkomendasikan,1
buruknya respon sellernya parah kualitasnya buruk buang buang uang,0
senang sekali harganya luar biasa lanjutkan,1
untungnya fiturnya recommended respon sellernya keren puas banget,1
parahnya produknya tidak sesuai buang buang uang,0
kecewa karena filmnya berantakan tidak rekomen,0
sayang sekali produknya jelek banget rugi besar,0
alhamdulillah makanannya ramah recommended seller,1
sayangnya respon sellernya parah tidak sesuai harapan,0
masalahnya packingnya membosankan pengirimannya hambar,0
puas karena kualitasnya sesuai ekspektasi produknya cepat five stars,1
sayangnya barangnya rusak tidak akan kembali lagi,0
kecewa karena barangnya membosankan rasanya jelek banget jangan beli,0
barangnya lama banget harganya mahal tidak sebanding tidak rekomen,0
mantapnya kualitasnya lengkap harganya cepat bakal beli lagi,1
untungnya respon sellernya memuaskan terima kasih banyak,1
untungnya tempatnya ramah packingnya nyaman sangat direkomendasikan,1
mantapnya makanannya bagus banget fiturnya joss semoga makin sukses,1
untungnya kualitasnya rapi tidak menyesal beli,1
buruknya aplikasinya lama banget tidak rekomen,0
parahnya barangnya rusak tidak akan kembali lagi,0
kualitasnya tidak original pelayanan perlu diperbaiki,0
sayang sekali respon sellernya lama banget tempatnya berantakan tidak akan kembali lagi,0
untungnya desainnya enak sekali filmnya sesuai ekspektasi mantap jiwa,1
parahnya makanannya error terus desainnya mahal tidak sebanding bikin kesal,0
buruknya filmnya tidak ramah makanannya menyebalkan zonk,0
parahnya desainnya tidak sesuai makanannya buruk bikin kesal,0
masalahnya packingnya jelek banget pelayanannya hambar buang buang uang,0
sayangnya kualitasnya rusak tidak akan kembali lagi,0
parahnya kualitasnya buruk barangnya lemot zonk,0
buruknya filmnya parah zonk,0
buruknya harganya tidak ramah kapok beli di sini,0
asyiknya harganya luar biasa kualitasnya worth it terima kasih banyak,1
rasanya lemot kualitasnya kasar tidak rekomen,0
barangnya lama banget filmnya lambat minta refund,0
alhamdulillah kualitasnya worth it desainnya mantap lanjutkan,1
senang sekali rasanya melebihi harapan produknya lengkap semoga makin sukses,1
kecewa karena kualitasnya tidak ramah tidak sesuai harapan,0
senang sekali packingnya ramah puas banget,1
senang sekali makanannya joss bakal beli lagi,1
filmnya mantap harganya recommended bakal beli lagi,1
senang sekali pelayanannya berkualitas sangat direkomendasikan,1
puas karena desainnya worth it makanannya sangat membantu suka sekali,1
mantapnya pengirimannya top markotop tidak menyesal beli,1
respon sellernya mantap fiturnya top markotop five stars,1
aplikasinya kasar fiturnya menyebalkan buang buang uang,0
sayang sekali fiturnya lama banget rasanya rusak menyesal sekali,0
rasanya keren tempatnya top markotop mantap jiwa,1
puas karena fiturnya rapi akan langganan,1
asyiknya produknya bagus banget harganya sesuai ekspektasi lanjutkan,1
kecewa karena pelayanannya membosankan produknya membosankan,0
sayangnya desainnya hambar tempatnya berantakan,0
parahnya desainnya jelek banget jangan beli,0
senang sekali respon sellernya sangat membantu aplikasinya keren,1
buruknya packingnya berantakan,0
produknya top markotop lanjutkan,1
buruknya respon sellernya berantakan zonk,0
alhamdulillah harganya mantap puas banget,1
mantapnya pengirimannya nyaman five stars,1
sayang sekali desainnya buruk pelayanannya murahan minta refund,0
buruknya harganya membosankan kapok beli di sini,0
puas karena makanannya enak sekali the best,1
sayang sekali pengirimannya menyebalkan aplikasinya lama banget rugi besar,0
buruknya respon sellernya buruk aplikasinya kasar bikin kesal,0
kecewa karena tempatnya tidak ramah produknya tidak original tidak rekomen,0
buruknya filmnya rusak tidak akan kembali lagi,0
sayang sekali harganya cacat tidak akan kembali lagi,0
senang sekali harganya recommended mantap jiwa,1
sayangnya barangnya menyebalkan aplikasinya buruk sangat kecewa,0
masalahnya harganya mahal tidak sebanding respon sellernya menyebalkan sangat kecewa,0
mantapnya fiturnya enak sekali suka sekali,1
parahnya packingnya berantakan tempatnya lemot bikin kesal,0
asyiknya fiturnya joss pokoknya puas,1
mantapnya pelayanannya recommended rasanya rapi bakal beli lagi,1
untungnya produknya enak sekali kualitasnya keren lanjutkan,1
mantapnya produknya enak sekali kualitasnya cepat mantap jiwa,1
mantapnya fiturnya enak sekali bakal beli lagi,1
senang sekali harganya melebihi harapan respon sellernya joss bakal beli lagi,1
senang sekali tempatnya cepat aplikasinya joss akan langganan,1
mantapnya filmnya melebihi harapan aplikasinya bagus banget,1
asyiknya respon sellernya enak sekali recommended seller,1
senang sekali produknya ramah aplikasinya enak sekali lanjutkan,1
filmnya recommended five stars,1
untungnya filmnya recommended barangnya rapi suka sekali,1
mantapnya rasanya keren aplikasinya top markotop suka sekali,1
mantapnya fiturnya mantap pengirimannya rapi the best,1
sayang sekali barangnya error terus sangat mengecewakan,0
parahnya tempatnya membosankan menyesal sekali,0
harganya tidak original sangat mengecewakan,0
sayang sekali filmnya lambat kapok beli di sini,0
asyiknya pengirimannya ramah recommended seller,1
kecewa karena barangnya berantakan produknya mengecewakan kapok beli di sini,0
sayangnya produknya hambar kapok beli di sini,0
masalahnya harganya lemot desainnya menyebalkan jangan beli,0
untungnya respon sellernya mantap semoga makin sukses,1
senang sekali rasanya bagus banget pengirimannya ramah sangat direkomendasikan,1
mantapnya tempatnya mantap semoga makin sukses,1
alhamdulillah aplikasinya berkualitas tempatnya bagus banget the best,1
alhamdulillah packingnya keren pokoknya puas,1
puas karena filmnya nyaman tidak menyesal beli,1
untungnya pelayanannya joss harganya cepat lanjutkan,1
sayang sekali kualitasnya error terus pengirimannya lama banget tidak rekomen,0
mantapnya aplikasinya rapi,1
sayang sekali fiturnya hambar tidak rekomen,0
puas karena respon sellernya keren tidak menyesal beli,1
sayangnya pengirimannya lemot rasanya tidak ramah buang buang uang,0
buruknya packingnya tidak ramah sangat mengecewakan,0
puas karena kualitasnya rapi akan langganan,1
parahnya barangnya lemot fiturnya tidak original sangat mengecewakan,0
masalahnya makanannya lama banget harganya jelek banget,0
asyiknya kualitasnya rapi tidak menyesal beli,1
parahnya pengirimannya murahan harganya rusak buang buang uang,0
asyiknya rasanya nyaman sangat direkomendasikan,1
untungnya kualitasnya luar biasa tempatnya joss semoga makin sukses,1
parahnya tempatnya cacat sangat mengecewakan,0
sayangnya produknya lambat pelayanannya jelek banget,0
masalahnya pengirimannya lambat tidak sesuai harapan,0
alhamdulillah tempatnya lengkap aplikasinya sangat membantu suka sekali,1
harganya hambar respon sellernya kasar buang buang uang,0
buruknya produknya tidak sesuai fiturnya mahal tidak sebanding sangat mengecewakan,0
alhamdulillah filmnya melebihi harapan rasanya mantap suka sekali,1
mantapnya aplikasinya top markotop recommended seller,1
sayangnya desainnya tidak sesuai tidak akan kembali lagi,0
alhamdulillah aplikasinya melebihi harapan bakal beli lagi,1
produknya tidak original zonk,0
senang sekali respon sellernya melebihi harapan tempatnya nyaman lanjutkan,1
pengirimannya lama banget harganya tidak sesuai tidak rekomen,0
kualitasnya rapi lanjutkan,1
sayang sekali harganya hambar barangnya menyebalkan pelayanan perlu diperbaiki,0
kecewa karena fiturnya hambar produknya lemot bikin kesal,0
pengirimannya tidak original aplikasinya lemot tidak rekomen,0
sayangnya respon sellernya rusak,0
kualitasnya hambar pelayanan perlu diperbaiki,0
buruknya respon sellernya hambar tempatnya kasar pelayanan perlu diperbaiki,0
respon sellernya tidak ramah fiturnya hambar sangat mengecewakan,0
buruknya produknya hambar tidak sesuai harapan,0
buruknya respon sellernya tidak ramah produknya jelek banget tidak sesuai harapan,0
sayangnya desainnya lemot barangnya buruk rugi besar,0
untungnya tempatnya memuaskan harganya enak sekali bakal beli lagi,1
kualitasnya berantakan pelayanan perlu diperbaiki,0
makanannya melebihi harapan produknya recommended bakal beli lagi,1
sayangnya tempatnya berantakan harganya parah tidak rekomen,0
parahnya makanannya tidak sesuai tidak rekomen,0
buruknya tempatnya rusak jangan beli,0
senang sekali pengirimannya lengkap semoga makin sukses,1
puas karena packingnya mantap makanannya rapi bakal beli lagi,1
alhamdulillah desainnya keren tempatnya lengkap pokoknya puas,1
mantapnya aplikasinya top markotop barangnya top markotop puas banget,1
sayangnya aplikasinya lemot desainnya lambat buang buang uang,0
puas karena packingnya worth it rasanya mantap sangat direkomendasikan,1
sayang sekali packingnya tidak original fiturnya lambat kapok beli di sini,0
kecewa karena aplikasinya tidak original filmnya kasar sangat mengecewakan,0
kecewa karena produknya cacat tidak akan kembali lagi,0
sayang sekali tempatnya lama banget pelayanannya mahal tidak sebanding menyesal sekali,0
parahnya rasanya menyebalkan packingnya mengecewakan jangan beli,0
senang sekali pengirimannya worth it aplikasinya rapi,1
sayangnya aplikasinya mahal tidak sebanding barangnya rusak bikin kesal,0
masalahnya aplikasinya cacat packingnya lambat sangat kecewa,0
mantapnya respon sellernya luar biasa packingnya berkualitas recommended seller,1
asyiknya pelayanannya sangat membantu suka sekali,1
untungnya filmnya nyaman the best,1
untungnya fiturnya top markotop barangnya memuaskan puas banget,1
pelayanannya cepat the best,1
sayangnya packingnya tidak sesuai minta refund,0
sayang sekali produknya lama banget tidak sesuai harapan,0
asyiknya aplikasinya rapi semoga makin sukses,1
mantapnya harganya luar biasa pelayanannya worth it recommended seller,1
senang sekali harganya top markotop akan langganan,1
sayangnya packingnya mahal tidak sebanding tidak akan kembali lagi,0
sayang sekali produknya menyebalkan menyesal sekali,0
kecewa karena aplikasinya tidak original jangan beli,0
senang sekali harganya ramah tempatnya bagus banget semoga makin sukses,1
puas karena aplikasinya recommended akan langganan,1
rasanya bagus banget terima kasih banyak,1
untungnya tempatnya sangat membantu pelayanannya berkualitas semoga makin sukses,1
buruknya tempatnya murahan tidak sesuai harapan,0
senang sekali desainnya nyaman pokoknya puas,1
sayangnya pengirimannya jelek banget rasanya lemot bikin kesal,0
asyiknya makanannya luar biasa desainnya lengkap lanjutkan,1
masalahnya pengirimannya menyebalkan tempatnya berantakan,0
senang sekali filmnya memuaskan mantap jiwa,1
untungnya produknya recommended barangnya bagus banget akan langganan,1
parahnya barangnya cacat buang buang uang,0
senang sekali kualitasnya cepat tempatnya cepat suka sekali,1
masalahnya aplikasinya menyebalkan tidak akan kembali lagi,0
kecewa karena packingnya rusak sangat kecewa,0
aplikasinya bagus banget puas banget,1
pelayanannya bagus banget puas banget,1
alhamdulillah produknya oke punya bakal beli lagi,1
sayang sekali pelayanannya mahal tidak sebanding barangnya jelek banget kapok beli di sini,0
sayang sekali aplikasinya mahal tidak sebanding menyesal sekali,0
puas karena makanannya lengkap packingnya melebihi harapan sangat direkomendasikan,1
desainnya lengkap the best,1
packingnya keren kualitasnya berkualitas tidak menyesal beli,1
kecewa karena desainnya kasar zonk,0
mantapnya respon sellernya cepat five stars,1
asyiknya produknya oke punya filmnya berkualitas recommended seller,1
buruknya produknya parah tidak akan kembali lagi,0
parahnya harganya membosankan kapok beli di sini,0
puas karena makanannya keren barangnya nyaman sangat direkomendasikan,1
sayang sekali tempatnya rusak harganya mahal tidak sebanding tidak sesuai harapan,0
parahnya kualitasnya membosankan pelayanan perlu diperbaiki,0
puas karena makanannya lengkap bakal beli lagi,1
sayangnya tempatnya berantakan bikin kesal,0
sayang sekali kualitasnya jelek banget pengirimannya cacat minta refund,0
kecewa karena makanannya berantakan desainnya error terus tidak akan kembali lagi,0
puas karena rasanya rapi tidak menyesal beli,1
sayang sekali pengirimannya tidak original makanannya parah bikin kesal,0
asyiknya desainnya rapi makanannya memuaskan puas banget,1
mantapnya harganya lengkap makanannya nyaman sangat direkomendasikan,1
kecewa karena kualitasnya lama banget respon sellernya lambat kapok beli di sini,0
alhamdulillah desainnya nyaman terima kasih banyak,1
asyiknya kualitasnya melebihi harapan the best,1
asyiknya harganya recommended pelayanannya mantap semoga makin sukses,1
parahnya aplikasinya mahal tidak sebanding buang buang uang,0
masalahnya desainnya jelek banget respon sellernya buruk sangat mengecewakan,0
kecewa karena barangnya lambat respon sellernya mengecewakan kapok beli di sini,0
asyiknya rasanya lengkap bakal beli lagi,1
untungnya kualitasnya melebihi harapan semoga makin sukses,1
asyiknya aplikasinya nyaman sangat direkomendasikan,1
masalahnya tempatnya tidak ramah kapok beli di sini,0
parahnya harganya buruk aplikasinya buruk rugi besar,0
senang sekali respon sellernya melebihi harapan pelayanannya memuaskan suka sekali,1
mantapnya packingnya sangat membantu makanannya cepat akan langganan,1
mantapnya filmnya bagus banget five stars,1
senang sekali fiturnya recommended pengirimannya berkualitas mantap jiwa,1
sayangnya respon sellernya berantakan tempatnya jelek banget,0
rasanya cacat,0
senang sekali aplikasinya berkualitas harganya worth it five stars,1
pelayanannya berantakan fiturnya jelek banget bikin kesal,0
sayang sekali desainnya mahal tidak sebanding buang buang uang,0
rasanya bagus banget akan langganan,1
mantapnya makanannya nyaman five stars,1
puas karena makanannya melebihi harapan bakal beli lagi,1
untungnya packingnya nyaman semoga makin sukses,1
masalahnya kualitasnya lama banget desainnya tidak sesuai bikin kesal,0
barangnya parah makanannya berantakan tidak rekomen,0
senang sekali tempatnya bagus banget pengirimannya sesuai ekspektasi,1
asyiknya aplikasinya recommended mantap jiwa,1
mantapnya desainnya bagus banget five stars,1
senang sekali tempatnya sangat membantu five stars,1
puas karena harganya mantap makanannya rapi recommended seller,1
mantapnya makanannya nyaman produknya berkualitas suka sekali,1
untungnya barangnya sesuai ekspektasi pokoknya puas,1
kualitasnya mantap semoga makin sukses,1
buruknya fiturnya lama banget filmnya kasar bikin kesal,0
alhamdulillah packingnya top markotop filmnya rapi lanjutkan,1
kecewa karena tempatnya jelek banget filmnya hambar minta refund,0
mantapnya tempatnya ramah,1
untungnya harganya berkualitas mantap jiwa,1
asyiknya aplikasinya worth it suka sekali,1
buruknya packingnya mengecewakan sangat kecewa,0
aplikasinya parah produknya lama banget zonk,0
alhamdulillah tempatnya joss pokoknya puas,1
untungnya makanannya mantap filmnya enak sekali five stars,1
masalahnya pengirimannya berantakan minta refund,0
mantapnya barangnya ramah rasanya oke punya,1
produknya mengecewakan harganya kasar jangan beli,0
alhamdulillah packingnya nyaman terima kasih banyak,1
kecewa karena pelayanannya berantakan produknya lemot sangat kecewa,0
rasanya error terus,0
senang sekali makanannya top markotop puas banget,1
respon sellernya enak sekali mantap jiwa,1
puas karena tempatnya bagus banget filmnya lengkap recommended seller,1
pelayanannya tidak ramah kualitasnya menyebalkan sangat mengecewakan,0
kecewa karena barangnya buruk desainnya mengecewakan bikin kesal,0
puas karena desainnya ramah akan langganan,1
buruknya tempatnya cacat tidak rekomen,0
packingnya oke punya fiturnya joss pokoknya puas,1
untungnya barangnya sangat membantu five stars,1
alhamdulillah barangnya sangat membantu five stars,1
parahnya aplikasinya berantakan sangat mengecewakan,0
sayangnya pelayanannya error terus rasanya menyebalkan sangat mengecewakan,0
asyiknya kualitasnya mantap barangnya recommended semoga makin sukses,1
rasanya mengecewakan makanannya lambat sangat mengecewakan,0
asyiknya tempatnya top markotop pengirimannya nyaman semoga makin sukses,1
puas karena pelayanannya memuaskan puas banget,1
sayang sekali makanannya hambar packingnya kasar sangat kecewa,0
filmnya melebihi harapan fiturnya cepat lanjutkan,1
untungnya produknya mantap recommended seller,1
mantapnya kualitasnya top markotop aplikasinya rapi tidak menyesal beli,1
masalahnya pengirimannya tidak sesuai kualitasnya kasar sangat kecewa,0
senang sekali packingnya sesuai ekspektasi kualitasnya worth it the best,1
masalahnya rasanya lama banget tidak akan kembali lagi,0
masalahnya aplikasinya kasar makanannya lambat kapok beli di sini,0
untungnya rasanya nyaman tempatnya joss mantap jiwa,1
parahnya harganya lambat respon sellernya tidak original pelayanan perlu diperbaiki,0
untungnya desainnya rapi harganya berkualitas bakal beli lagi,1
alhamdulillah makanannya top markotop pengirimannya enak sekali akan langganan,1
senang sekali filmnya sesuai ekspektasi respon sellernya melebihi harapan the best,1
sayang sekali rasanya buruk pelayanannya rusak tidak sesuai harapan,0
untungnya produknya ramah tempatnya melebihi harapan terima kasih banyak,1
desainnya worth it packingnya bagus banget pokoknya puas,1
kecewa karena pengirimannya parah rugi besar,0
buruknya makanannya berantakan zonk,0
puas karena kualitasnya recommended rasanya luar biasa semoga makin sukses,1
senang sekali kualitasnya joss sangat direkomendasikan,1
buruknya filmnya jelek banget respon sellernya tidak sesuai rugi besar,0
senang sekali harganya recommended pelayanannya joss suka sekali,1
senang sekali packingnya oke punya lanjutkan,1
asyiknya tempatnya joss five stars,1
pengirimannya mengecewakan respon sellernya buruk tidak sesuai harapan,0
senang sekali produknya luar biasa packingnya cepat tidak menyesal beli,1
buruknya packingnya rusak tidak akan kembali lagi,0
sayang sekali filmnya tidak ramah respon sellernya error terus jangan beli,0
makanannya tidak sesuai tidak sesuai harapan,0
untungnya produknya oke punya filmnya cepat bakal beli lagi,1
mantapnya harganya mantap desainnya joss sangat direkomendasikan,1
kecewa karena respon sellernya lambat buang buang uang,0
puas karena rasanya melebihi harapan kualitasnya recommended mantap jiwa,1
alhamdulillah tempatnya bagus banget rasanya cepat five stars,1
alhamdulillah desainnya top markotop packingnya recommended puas banget,1
barangnya lengkap bakal beli lagi,1
sayangnya pelayanannya tidak ramah produknya tidak original,0
aplikasinya hambar fiturnya mengecewakan sangat kecewa,0
sayang sekali filmnya murahan tempatnya menyebalkan tidak rekomen,0
sayang sekali produknya cacat bikin kesal,0
puas karena tempatnya sesuai ekspektasi filmnya enak sekali suka sekali,1
sayang sekali rasanya tidak ramah produknya error terus sangat kecewa,0
kecewa karena aplikasinya tidak sesuai buang buang uang,0
parahnya packingnya lama banget zonk,0
sayangnya aplikasinya berantakan kualitasnya hambar bikin kesal,0
untungnya aplikasinya top markotop bakal beli lagi,1
mantapnya pengirimannya keren produknya worth it tidak menyesal beli,1
puas karena pengirimannya sesuai ekspektasi packingnya luar biasa,1
puas karena pengirimannya memuaskan pokoknya puas,1
senang sekali fiturnya worth it sangat direkomendasikan,1
buruknya makanannya tidak ramah packingnya lama banget menyesal sekali,0
packingnya oke punya aplikasinya rapi terima kasih banyak,1
untungnya respon sellernya sesuai ekspektasi fiturnya oke punya suka sekali,1
parahnya fiturnya lambat tidak rekomen,0
sayang sekali produknya berantakan jangan beli,0
untungnya kualitasnya cepat aplikasinya cepat suka sekali,1
asyiknya barangnya nyaman terima kasih banyak,1
puas karena produknya memuaskan tidak menyesal beli,1
senang sekali barangnya berkualitas filmnya berkualitas,1
senang sekali kualitasnya top markotop barangnya enak sekali puas banget,1
alhamdulillah harganya luar biasa puas banget,1
senang sekali fiturnya ramah pengirimannya sesuai ekspektasi bakal beli lagi,1
mantapnya fiturnya bagus banget packingnya recommended tidak menyesal beli,1
untungnya respon sellernya rapi tempatnya berkualitas suka sekali,1
desainnya sesuai ekspektasi packingnya berkualitas,1
parahnya barangnya error terus aplikasinya mahal tidak sebanding tidak rekomen,0
asyiknya produknya top markotop pelayanannya rapi sangat direkomendasikan,1
sayang sekali pelayanannya mengecewakan packingnya lama banget jangan beli,0
sayangnya packingnya mengecewakan produknya tidak ramah sangat kecewa,0
sayang sekali rasanya murahan pelayanan perlu diperbaiki,0
rasanya tidak original buang buang uang,0
desainnya mengecewakan pengirimannya lambat sangat mengecewakan,0
alhamdulillah makanannya recommended rasanya sangat membantu the best,1
masalahnya fiturnya error terus rasanya jelek banget zonk,0
untungnya aplikasinya worth it semoga makin sukses,1
asyiknya aplikasinya bagus banget terima kasih banyak,1
untungnya desainnya oke punya harganya enak sekali bakal beli lagi,1
masalahnya pengirimannya tidak original tidak akan kembali lagi,0
asyiknya pelayanannya worth it respon sellernya nyaman mantap jiwa,1
puas karena respon sellernya sesuai ekspektasi terima kasih banyak,1
sayang sekali makanannya tidak original sangat kecewa,0
untungnya pelayanannya mantap harganya enak sekali sangat direkomendasikan,1
untungnya produknya berkualitas puas banget,1
kecewa karena kualitasnya lambat pelayanannya lama banget sangat kecewa,0
puas karena kualitasnya memuaskan rasanya recommended pokoknya puas,1
kecewa karena rasanya tidak ramah tempatnya hambar tidak akan kembali lagi,0
sayang sekali respon sellernya cacat aplikasinya lama banget bikin kesal,0
mantapnya aplikasinya oke punya produknya luar biasa the best,1
alhamdulillah produknya berkualitas suka sekali,1
sayang sekali desainnya lama banget kualitasnya cacat zonk,0
untungnya pengirimannya rapi recommended seller,1
alhamdulillah tempatnya sesuai ekspektasi recommended seller,1
alhamdulillah pengirimannya enak sekali lanjutkan,1
kecewa karena produknya hambar aplikasinya hambar tidak akan kembali lagi,0
senang sekali produknya keren filmnya oke punya puas banget,1
kecewa karena desainnya hambar packingnya buruk rugi besar,0
parahnya tempatnya parah sangat kecewa,0
packingnya lemot buang buang uang,0
puas karena desainnya keren filmnya cepat sangat direkomendasikan,1
produknya rapi lanjutkan,1
aplikasinya lemot sangat kecewa,0
alhamdulillah pelayanannya bagus banget puas banget,1
sayang sekali filmnya berantakan barangnya mahal tidak sebanding tidak rekomen,0
kecewa karena pelayanannya error terus makanannya kasar sangat mengecewakan,0
asyiknya respon sellernya oke punya terima kasih banyak,1
untungnya makanannya luar biasa sangat direkomendasikan,1
buruknya packingnya tidak ramah kualitasnya error terus kapok beli di sini,0
asyiknya makanannya enak sekali pokoknya puas,1
mantapnya rasanya top markotop,1
asyiknya rasanya luar biasa harganya sangat membantu terima kasih banyak,1
alhamdulillah respon sellernya nyaman tempatnya melebihi harapan pokoknya puas,1
senang sekali rasanya worth it makanannya sesuai ekspektasi mantap jiwa,1
alhamdulillah kualitasnya cepat barangnya oke punya recommended seller,1
puas karena makanannya sangat membantu tidak menyesal beli,1
asyiknya pelayanannya joss rasanya nyaman five stars,1
buruknya kualitasnya membosankan buang buang uang,0
senang sekali kualitasnya lengkap fiturnya mantap terima kasih banyak,1
kecewa karena fiturnya berantakan respon sellernya hambar,0
untungnya rasanya luar biasa akan langganan,1
alhamdulillah packingnya luar biasa five stars,1
untungnya barangnya top markotop packingnya sangat membantu,1
mantapnya desainnya sangat membantu rasanya sangat membantu bakal beli lagi,1
masalahnya rasanya tidak sesuai menyesal sekali,0
buruknya rasanya membosankan pengirimannya menyebalkan zonk,0
puas karena makanannya lengkap packingnya joss recommended seller,1
senang sekali produknya memuaskan sangat direkomendasikan,1
asyiknya tempatnya worth it aplikasinya sangat membantu tidak menyesal beli,1
mantapnya filmnya melebihi harapan,1
sayangnya pelayanannya lambat buang buang uang,0
buruknya pelayanannya mahal tidak sebanding respon sellernya lambat sangat mengecewakan,0
harganya lemot rasanya tidak sesuai pelayanan perlu diperbaiki,0
masalahnya filmnya menyebalkan jangan beli,0
asyiknya rasanya sangat membantu tidak menyesal beli,1
asyiknya kualitasnya joss akan langganan,1
parahnya rasanya murahan filmnya cacat pelayanan perlu diperbaiki,0
sayang sekali respon sellernya menyebalkan makanannya mahal tidak sebanding menyesal sekali,0
produknya nyaman pelayanannya melebihi harapan sangat direkomendasikan,1
buruknya desainnya mahal tidak sebanding kapok beli di sini,0
untungnya rasanya oke punya terima kasih banyak,1
alhamdulillah rasanya melebihi harapan lanjutkan,1
alhamdulillah kualitasnya luar biasa mantap jiwa,1
untungnya barangnya berkualitas five stars,1
puas karena fiturnya nyaman bakal beli lagi,1
masalahnya aplikasinya parah produknya jelek banget menyesal sekali,0
sayangnya produknya buruk pelayanannya kasar sangat kecewa,0
buruknya fiturnya menyebalkan tidak rekomen,0
parahnya packingnya tidak ramah buang buang uang,0
buruknya makanannya mengecewakan tempatnya jelek banget bikin kesal,0
rasanya murahan harganya jelek banget kapok beli di sini,0
parahnya produknya murahan fiturnya lama banget tidak akan kembali lagi,0
alhamdulillah kualitasnya recommended barangnya sangat membantu terima kasih banyak,1
sayang sekali tempatnya menyebalkan aplikasinya lemot bikin kesal,0
fiturnya hambar tempatnya tidak sesuai tidak sesuai harapan,0
untungnya packingnya joss puas banget,1
sayangnya packingnya mahal tidak sebanding sangat mengecewakan,0
desainnya berkualitas harganya keren lanjutkan,1
asyiknya kualitasnya nyaman desainnya melebihi harapan akan langganan,1
respon sellernya murahan rasanya lemot rugi besar,0
mantapnya pelayanannya enak sekali aplikasinya melebihi harapan pokoknya puas,1
senang sekali kualitasnya oke punya suka sekali,1
untungnya desainnya keren terima kasih banyak,1
untungnya kualitasnya memuaskan semoga makin sukses,1
mantapnya respon sellernya keren akan langganan,1
sayangnya pengirimannya error terus minta refund,0
alhamdulillah harganya sesuai ekspektasi tempatnya rapi recommended seller,1
mantapnya aplikasinya sesuai ekspektasi tempatnya joss suka sekali,1
masalahnya filmnya murahan minta refund,0
parahnya kualitasnya buruk tidak sesuai harapan,0
produknya parah tidak akan kembali lagi,0
sayangnya aplikasinya hambar barangnya lama banget tidak rekomen,0
sayangnya fiturnya hambar pelayanan perlu diperbaiki,0
parahnya makanannya rusak barangnya rusak buang buang uang,0
respon sellernya oke punya packingnya recommended,1
parahnya fiturnya mengecewakan jangan beli,0
fiturnya memuaskan packingnya oke punya suka sekali,1
sayangnya rasanya parah tidak sesuai harapan,0
buruknya fiturnya hambar bikin kesal,0
fiturnya top markotop respon sellernya rapi tidak menyesal beli,1
senang sekali rasanya lengkap respon sellernya sangat membantu mantap jiwa,1
filmnya lambat zonk,0
puas karena produknya recommended recommended seller,1
masalahnya rasanya mengecewakan filmnya berantakan sangat kecewa,0
puas karena rasanya keren recommended seller,1
buruknya produknya lemot makanannya mahal tidak sebanding minta refund,0
asyiknya barangnya berkualitas puas banget,1
sayang sekali fiturnya tidak original sangat mengecewakan,0
untungnya produknya bagus banget bakal beli lagi,1
mantapnya aplikasinya sesuai ekspektasi tidak menyesal beli,1
sayangnya harganya mahal tidak sebanding bikin kesal,0
barangnya lemot jangan beli,0
buruknya desainnya jelek banget kapok beli di sini,0
masalahnya packingnya kasar tempatnya rusak zonk,0
buruknya respon sellernya buruk rasanya tidak original menyesal sekali,0
sayang sekali desainnya rusak kualitasnya kasar jangan beli,0
untungnya barangnya enak sekali makanannya luar biasa the best,1
untungnya aplikasinya sesuai ekspektasi respon sellernya top markotop recommended seller,1
buruknya kualitasnya lambat rasanya parah buang buang uang,0
parahnya produknya mengecewakan desainnya error terus sangat kecewa,0
masalahnya pengirimannya parah desainnya mahal tidak sebanding pelayanan perlu diperbaiki,0
asyiknya tempatnya berkualitas kualitasnya bagus banget five stars,1
asyiknya respon sellernya joss akan langganan,1
tempatnya tidak original minta refund,0
mantapnya barangnya oke punya the best,1
fiturnya recommended aplikasinya melebihi harapan sangat direkomendasikan,1
sayang sekali pengirimannya buruk menyesal sekali,0
sayangnya barangnya parah buang buang uang,0
masalahnya pelayanannya error terus aplikasinya hambar sangat mengecewakan,0
masalahnya produknya membosankan rugi besar,0
mantapnya produknya recommended fiturnya melebihi harapan the best,1
parahnya produknya membosankan aplikasinya lama banget tidak rekomen,0
alhamdulillah kualitasnya oke punya tidak menyesal beli,1
buruknya respon sellernya mengecewakan rasanya hambar tidak akan kembali lagi,0
untungnya tempatnya nyaman the best,1
alhamdulillah packingnya lengkap respon sellernya lengkap semoga makin sukses,1
senang sekali packingnya keren filmnya sesuai ekspektasi suka sekali,1
kecewa karena kualitasnya lama banget pelayanannya tidak original jangan beli,0
parahnya barangnya buruk harganya lama banget bikin kesal,0
alhamdulillah tempatnya keren packingnya enak sekali,1
asyiknya desainnya berkualitas five stars,1
pengirimannya parah kapok beli di sini,0
produknya mantap packingnya melebihi harapan five stars,1
puas karena kualitasnya oke punya akan langganan,1
mantapnya produknya sangat membantu harganya worth it mantap jiwa,1
harganya recommended five stars,1
aplikasinya cepat pelayanannya keren semoga makin sukses,1
alhamdulillah harganya berkualitas sangat direkomendasikan,1
alhamdulillah harganya oke punya tempatnya enak sekali terima kasih banyak,1
masalahnya barangnya lambat pelayanan perlu diperbaiki,0
sayangnya pengirimannya menyebalkan sangat kecewa,0
kecewa karena respon sellernya cacat desainnya tidak sesuai tidak sesuai harapan,0
masalahnya respon sellernya kasar fiturnya kasar,0
alhamdulillah harganya ramah lanjutkan,1
sayang sekali pengirimannya lama banget harganya tidak ramah minta refund,0
kecewa karena barangnya membosankan jangan beli,0
masalahnya makanannya jelek banget pelayanannya error terus jangan beli,0
puas karena rasanya top markotop recommended seller,1
mantapnya pengirimannya lengkap akan langganan,1
sayang sekali pengirimannya kasar sangat kecewa,0
mantapnya produknya recommended desainnya sangat membantu,1
filmnya worth it pokoknya puas,1
alhamdulillah pengirimannya recommended bakal beli lagi,1
masalahnya produknya membosankan respon sellernya murahan menyesal sekali,0
senang sekali barangnya memuaskan bakal beli lagi,1
sayang sekali makanannya buruk pengirimannya jelek banget,0
mantapnya rasanya joss,1
senang sekali respon sellernya bagus banget makanannya sesuai ekspektasi lanjutkan,1
masalahnya barangnya lama banget zonk,0
masalahnya makanannya error terus zonk,0
asyiknya rasanya enak sekali pengirimannya berkualitas lanjutkan,1
sayang sekali tempatnya menyebalkan jangan beli,0
parahnya fiturnya kasar makanannya hambar kapok beli di sini,0
alhamdulillah produknya melebihi harapan filmnya keren lanjutkan,1
untungnya makanannya sesuai ekspektasi pelayanannya top markotop suka sekali,1
kecewa karena fiturnya tidak original harganya parah minta refund,0
masalahnya kualitasnya kasar sangat kecewa,0
kecewa karena rasanya hambar barangnya tidak original tidak sesuai harapan,0
sayangnya fiturnya berantakan menyesal sekali,0
buruknya packingnya cacat harganya membosankan zonk,0
sayang sekali packingnya rusak jangan beli,0
mantapnya harganya berkualitas tempatnya mantap lanjutkan,1
parahnya produknya cacat tidak akan kembali lagi,0
mantapnya tempatnya nyaman pengirimannya cepat bakal beli lagi,1
pengirimannya nyaman pelayanannya sangat membantu mantap jiwa,1
untungnya rasanya worth it aplikasinya ramah tidak menyesal beli,1
kualitasnya keren desainnya lengkap puas banget,1
senang sekali produknya cepat aplikasinya rapi five stars,1
masalahnya aplikasinya membosankan tempatnya murahan tidak akan kembali lagi,0
senang sekali pelayanannya recommended tempatnya melebihi harapan,1
masalahnya filmnya lemot sangat kecewa,0
filmnya parah makanannya jelek banget tidak akan kembali lagi,0
parahnya desainnya mahal tidak sebanding tempatnya lambat,0
parahnya tempatnya lemot kapok beli di sini,0
sayangnya respon sellernya membosankan menyesal sekali,0
respon sellernya nyaman harganya worth it recommended seller,1
sayang sekali desainnya buruk kualitasnya parah sangat kecewa,0
untungnya barangnya melebihi harapan filmnya oke punya five stars,1
alhamdulillah packingnya memuaskan suka sekali,1
alhamdulillah respon sellernya melebihi harapan barangnya memuaskan recommended seller,1
alhamdulillah produknya enak sekali pengirimannya luar biasa the best,1
mantapnya pelayanannya rapi mantap jiwa,1
senang sekali pengirimannya top markotop pokoknya puas,1
senang sekali harganya lengkap,1
asyiknya aplikasinya worth it terima kasih banyak,1
makanannya murahan harganya tidak ramah jangan beli,0
sayang sekali filmnya mahal tidak sebanding tidak akan kembali lagi,0
alhamdulillah respon sellernya sesuai ekspektasi mantap jiwa,1
parahnya rasanya mahal tidak sebanding pelayanan perlu diperbaiki,0
mantapnya fiturnya cepat mantap jiwa,1
kecewa karena pelayanannya buruk sangat mengecewakan,0
mantapnya kualitasnya sesuai ekspektasi five stars,1
packingnya tidak original fiturnya buruk tidak rekomen,0
alhamdulillah makanannya luar biasa respon sellernya melebihi harapan mantap jiwa,1
parahnya fiturnya mengecewakan barangnya lama banget minta refund,0
untungnya pengirimannya nyaman sangat direkomendasikan,1
alhamdulillah filmnya sesuai ekspektasi semoga makin sukses,1
barangnya enak sekali packingnya enak sekali suka sekali,1
kecewa karena packingnya rusak kualitasnya error terus pelayanan perlu diperbaiki,0
masalahnya barangnya lama banget sangat kecewa,0
masalahnya fiturnya hambar zonk,0
filmnya melebihi harapan harganya recommended the best,1
mantapnya tempatnya mantap rasanya lengkap terima kasih banyak,1
masalahnya pelayanannya error terus barangnya kasar sangat kecewa,0
senang sekali packingnya mantap pelayanannya ramah pokoknya puas,1
kecewa karena kualitasnya murahan filmnya mengecewakan buang buang uang,0
sayang sekali kualitasnya lama banget sangat mengecewakan,0
mantapnya filmnya joss semoga makin sukses,1
sayang sekali harganya tidak sesuai jangan beli,0
senang sekali respon sellernya keren recommended seller,1
sayang sekali pelayanannya tidak original menyesal sekali,0
mantapnya barangnya lengkap fiturnya top markotop bakal beli lagi,1
senang sekali kualitasnya melebihi harapan terima kasih banyak,1
buruknya makanannya rusak kualitasnya cacat jangan beli,0
mantapnya rasanya top markotop the best,1
alhamdulillah packingnya melebihi harapan sangat direkomendasikan,1
buruknya makanannya error terus sangat mengecewakan,0
untungnya aplikasinya top markotop fiturnya recommended sangat direkomendasikan,1
sayang sekali filmnya lambat kualitasnya cacat tidak sesuai harapan,0
alhamdulillah rasanya sesuai ekspektasi respon sellernya bagus banget lanjutkan,1
sayang sekali makanannya rusak respon sellernya murahan buang buang uang,0
buruknya packingnya parah bikin kesal,0
harganya lengkap puas banget,1
parahnya pelayanannya hambar produknya menyebalkan menyesal sekali,0
senang sekali desainnya keren pokoknya puas,1
mantapnya makanannya joss produknya recommended bakal beli lagi,1
parahnya barangnya tidak original buang buang uang,0
puas karena tempatnya memuaskan lanjutkan,1
tempatnya tidak sesuai sangat kecewa,0
senang sekali aplikasinya luar biasa mantap jiwa,1
senang sekali tempatnya oke punya filmnya cepat puas banget,1
rasanya rusak bikin kesal,0
alhamdulillah harganya mantap aplikasinya keren tidak menyesal beli,1
tempatnya menyebalkan rugi besar,0
asyiknya aplikasinya memuaskan semoga makin sukses,1
kecewa karena packingnya parah kapok beli di sini,0
senang sekali tempatnya melebihi harapan sangat direkomendasikan,1
buruknya harganya murahan tidak sesuai harapan,0
senang sekali pengirimannya sesuai ekspektasi packingnya joss tidak menyesal beli,1
sayang sekali tempatnya parah pelayanan perlu diperbaiki,0
masalahnya tempatnya menyebalkan rasanya menyebalkan,0
kualitasnya kasar packingnya lambat tidak akan kembali lagi,0
sayangnya makanannya rusak produknya lambat menyesal sekali,0
puas karena barangnya luar biasa respon sellernya melebihi harapan recommended seller,1
untungnya produknya rapi tidak menyesal beli,1
barangnya rapi tempatnya top markotop five stars,1
fiturnya sesuai ekspektasi rasanya sesuai ekspektasi terima kasih banyak,1
produknya mengecewakan makanannya cacat rugi besar,0
alhamdulillah tempatnya rapi semoga makin sukses,1
parahnya produknya buruk filmnya kasar minta refund,0
masalahnya pengirimannya cacat rasanya menyebalkan tidak akan kembali lagi,0
masalahnya desainnya jelek banget minta refund,0
sayang sekali desainnya tidak sesuai respon sellernya lama banget rugi besar,0
sayangnya pelayanannya cacat pengirimannya lemot tidak akan kembali lagi,0
filmnya rusak respon sellernya lambat tidak akan kembali lagi,0
sayang sekali barangnya error terus rugi besar,0
mantapnya desainnya lengkap respon sellernya luar biasa terima kasih banyak,1
barangnya mahal tidak sebanding kapok beli di sini,0
mantapnya tempatnya enak sekali filmnya nyaman lanjutkan,1
kecewa karena produknya tidak sesuai sangat kecewa,0
respon sellernya cepat produknya enak sekali semoga makin sukses,1
sayang sekali fiturnya membosankan makanannya mengecewakan tidak akan kembali lagi,0
kecewa karena rasanya kasar desainnya lama banget tidak akan kembali lagi,0
masalahnya produknya lama banget minta refund,0
buruknya tempatnya hambar filmnya lambat sangat mengecewakan,0
senang sekali barangnya melebihi harapan tidak menyesal beli,1
masalahnya pengirimannya tidak original aplikasinya lama banget jangan beli,0
alhamdulillah aplikasinya enak sekali produknya recommended sangat direkomendasikan,1
buruknya aplikasinya lemot sangat mengecewakan,0
makanannya mantap suka sekali,1
senang sekali harganya cepat respon sellernya mantap mantap jiwa,1
parahnya barangnya menyebalkan tempatnya buruk buang buang uang,0
kecewa karena barangnya murahan pelayanannya mahal tidak sebanding minta refund,0
parahnya rasanya lambat kualitasnya mahal tidak sebanding zonk,0
masalahnya makanannya lambat bikin kesal,0
alhamdulillah desainnya rapi akan langganan,1
parahnya barangnya lemot respon sellernya lama banget,0
sayang sekali tempatnya berantakan tidak rekomen,0
buruknya barangnya hambar,0
masalahnya fiturnya murahan sangat mengecewakan,0
senang sekali desainnya top markotop aplikasinya memuaskan terima kasih banyak,1
pengirimannya keren barangnya mantap sangat direkomendasikan,1
kecewa karena rasanya cacat menyesal sekali,0
parahnya produknya kasar minta refund,0
puas karena pengirimannya enak sekali the best,1
kecewa karena packingnya murahan respon sellernya membosankan pelayanan perlu diperbaiki,0
puas karena barangnya nyaman fiturnya melebihi harapan recommended seller,1
senang sekali tempatnya berkualitas,1
untungnya kualitasnya ramah pengirimannya keren pokoknya puas,1
untungnya produknya sangat membantu five stars,1
sayang sekali aplikasinya error terus pengirimannya murahan rugi besar,0
sayang sekali makanannya lama banget jangan beli,0
senang sekali harganya sesuai ekspektasi packingnya joss sangat direkomendasikan,1
alhamdulillah makanannya mantap tidak menyesal beli,1
senang sekali pelayanannya sangat membantu rasanya keren tidak menyesal beli,1
puas karena fiturnya worth it rasanya nyaman puas banget,1
buruknya pengirimannya tidak sesuai rasanya lemot tidak sesuai harapan,0
senang sekali pengirimannya enak sekali recommended seller,1
parahnya rasanya lambat tempatnya tidak sesuai zonk,0
produknya ramah bakal beli lagi,1
asyiknya makanannya lengkap lanjutkan,1
desainnya melebihi harapan pengirimannya top markotop tidak menyesal beli,1
sayangnya tempatnya rusak filmnya lama banget menyesal sekali,0
desainnya melebihi harapan suka sekali,1
packingnya rapi makanannya cepat suka sekali,1
packingnya cepat bakal beli lagi,1
senang sekali fiturnya bagus banget recommended seller,1
masalahnya barangnya berantakan produknya buruk minta refund,0
sayangnya tempatnya jelek banget barangnya kasar zonk,0
kualitasnya menyebalkan sangat kecewa,0
masalahnya pelayanannya mengecewakan rasanya jelek banget jangan beli,0
puas karena harganya luar biasa suka sekali,1
respon sellernya lemot sangat kecewa,0
puas karena tempatnya rapi produknya worth it bakal beli lagi,1
sayang sekali barangnya cacat tidak sesuai harapan,0
asyiknya respon sellernya melebihi harapan recommended seller,1
buruknya respon sellernya mengecewakan filmnya hambar buang buang uang,0
buruknya respon sellernya lemot desainnya hambar tidak sesuai harapan,0
untungnya rasanya nyaman aplikasinya enak sekali puas banget,1
makanannya berantakan pelayanan perlu diperbaiki,0
kecewa karena aplikasinya menyebalkan produknya mengecewakan kapok beli di sini,0
sayangnya aplikasinya berantakan respon sellernya cacat menyesal sekali,0
sayang sekali respon sellernya parah fiturnya kasar bikin kesal,0
mantapnya aplikasinya sesuai ekspektasi pokoknya puas,1
mantapnya pengirimannya lengkap terima kasih banyak,1
mantapnya fiturnya berkualitas harganya mantap tidak menyesal beli,1
kecewa karena desainnya lama banget menyesal sekali,0
kecewa karena respon sellernya mengecewakan packingnya membosankan,0
alhamdulillah makanannya berkualitas desainnya nyaman semoga makin sukses,1
senang sekali barangnya nyaman five stars,1
asyiknya filmnya bagus banget semoga makin sukses,1
parahnya packingnya parah tempatnya tidak ramah zonk,0
rasanya berkualitas lanjutkan,1
buruknya pengirimannya membosankan kapok beli di sini,0
sayangnya produknya tidak sesuai makanannya lama banget rugi besar,0
parahnya harganya mahal tidak sebanding pengirimannya jelek banget minta refund,0
senang sekali aplikasinya worth it rasanya mantap recommended seller,1
tempatnya keren pelayanannya recommended mantap jiwa,1
alhamdulillah tempatnya rapi desainnya melebihi harapan puas banget,1
buruknya makanannya tidak ramah barangnya parah,0
alhamdulillah respon sellernya top markotop aplikasinya enak sekali pokoknya puas,1
kecewa karena pelayanannya kasar kapok beli di sini,0
senang sekali filmnya memuaskan kualitasnya nyaman akan langganan,1
mantapnya produknya luar biasa the best,1
asyiknya harganya recommended produknya rapi semoga makin sukses,1
asyiknya pengirimannya worth it bakal beli lagi,1
fiturnya berkualitas tidak menyesal beli,1
senang sekali produknya joss pelayanannya enak sekali sangat direkomendasikan,1
produknya sangat membantu five stars,1
masalahnya aplikasinya menyebalkan zonk,0
sayangnya rasanya tidak ramah produknya lama banget tidak akan kembali lagi,0
parahnya kualitasnya jelek banget tidak akan kembali lagi,0
puas karena respon sellernya rapi bakal beli lagi,1
untungnya makanannya keren lanjutkan,1
sayangnya kualitasnya cacat tidak rekomen,0
asyiknya filmnya worth it terima kasih banyak,1
masalahnya fiturnya buruk makanannya buruk sangat mengecewakan,0
masalahnya desainnya tidak sesuai fiturnya cacat tidak rekomen,0
sayang sekali aplikasinya tidak ramah kapok beli di sini,0
untungnya produknya cepat harganya berkualitas akan langganan,1
mantapnya barangnya bagus banget pengirimannya cepat five stars,1
sayang sekali pengirimannya kasar buang buang uang,0
barangnya tidak original rasanya buruk menyesal sekali,0
untungnya pengirimannya rapi,1
pelayanannya mengecewakan zonk,0
buruknya barangnya tidak ramah desainnya parah tidak akan kembali lagi,0
sayang sekali packingnya lemot menyesal sekali,0
kecewa karena makanannya error terus rugi besar,0
kecewa karena kualitasnya lama banget aplikasinya murahan sangat kecewa,0
alhamdulillah rasanya memuaskan makanannya mantap semoga makin sukses,1
sayangnya filmnya parah barangnya lama banget,0
untungnya produknya top markotop tidak menyesal beli,1
senang sekali desainnya sesuai ekspektasi barangnya ramah sangat direkomendasikan,1
buruknya tempatnya cacat sangat mengecewakan,0
parahnya rasanya parah tidak akan kembali lagi,0
alhamdulillah respon sellernya enak sekali harganya memuaskan lanjutkan,1
puas karena kualitasnya bagus banget terima kasih banyak,1
makanannya bagus banget pokoknya puas,1
mantapnya barangnya luar biasa puas banget,1
masalahnya pelayanannya buruk produknya membosankan menyesal sekali,0
asyiknya rasanya enak sekali aplikasinya bagus banget akan langganan,1
kecewa karena produknya berantakan sangat mengecewakan,0
produknya oke punya pelayanannya recommended lanjutkan,1
senang sekali tempatnya ramah rasanya recommended five stars,1
puas karena filmnya lengkap desainnya joss terima kasih banyak,1
asyiknya rasanya top markotop pokoknya puas,1
senang sekali kualitasnya memuaskan,1
senang sekali aplikasinya berkualitas desainnya melebihi harapan suka sekali,1
buruknya harganya tidak original tempatnya tidak original sangat mengecewakan,0
makanannya enak sekali,1
asyiknya filmnya keren rasanya luar biasa mantap jiwa,1
senang sekali aplikasinya worth it packingnya mantap tidak menyesal beli,1
masalahnya produknya lambat filmnya berantakan rugi besar,0
sayangnya tempatnya berantakan pelayanan perlu diperbaiki,0
mantapnya pengirimannya recommended aplikasinya melebihi harapan mantap jiwa,1
mantapnya harganya mantap tidak menyesal beli,1
untungnya filmnya enak sekali semoga makin sukses,1
buruknya pelayanannya parah tidak sesuai harapan,0
mantapnya makanannya bagus banget mantap jiwa,1
puas karena respon sellernya berkualitas kualitasnya sangat membantu puas banget,1
masalahnya desainnya murahan makanannya berantakan buang buang uang,0
masalahnya rasanya murahan tidak akan kembali lagi,0
puas karena tempatnya worth it tidak menyesal beli,1
pengirimannya bagus banget lanjutkan,1
senang sekali harganya joss terima kasih banyak,1
masalahnya kualitasnya jelek banget minta refund,0
alhamdulillah respon sellernya memuaskan recommended seller,1
untungnya kualitasnya worth it mantap jiwa,1
sayang sekali rasanya kasar minta refund,0
sayangnya fiturnya cacat tidak sesuai harapan,0
sayangnya aplikasinya rusak tidak rekomen,0
sayang sekali makanannya menyebalkan jangan beli,0
barangnya sesuai ekspektasi semoga makin sukses,1
kecewa karena barangnya murahan kualitasnya rusak,0
alhamdulillah makanannya recommended barangnya lengkap tidak menyesal beli,1
produknya oke punya harganya berkualitas mantap jiwa,1
masalahnya respon sellernya tidak original,0
sayangnya produknya jelek banget aplikasinya kasar,0
masalahnya filmnya error terus fiturnya berantakan tidak rekomen,0
makanannya sesuai ekspektasi semoga makin sukses,1
buruknya aplikasinya hambar kapok beli di sini,0
asyiknya pengirimannya ramah five stars,1
asyiknya barangnya berkualitas tempatnya mantap mantap jiwa,1
mantapnya makanannya joss sangat direkomendasikan,1
fiturnya mantap bakal beli lagi,1
alhamdulillah tempatnya oke punya respon sellernya memuaskan recommended seller,1
alhamdulillah pelayanannya top markotop akan langganan,1
buruknya pelayanannya lemot harganya lama banget tidak akan kembali lagi,0
senang sekali produknya sesuai ekspektasi recommended seller,1
respon sellernya tidak sesuai packingnya tidak ramah kapok beli di sini,0
harganya enak sekali akan langganan,1
sayangnya barangnya kasar rasanya mengecewakan minta refund,0
puas karena kualitasnya recommended sangat direkomendasikan,1
kecewa karena filmnya berantakan jangan beli,0
sayang sekali desainnya cacat barangnya mahal tidak sebanding sangat kecewa,0
kecewa karena pengirimannya jelek banget tidak sesuai harapan,0
buruknya barangnya tidak original minta refund,0
untungnya kualitasnya sangat membantu produknya worth it bakal beli lagi,1
sayang sekali aplikasinya mengecewakan minta refund,0
sayangnya desainnya tidak ramah tidak sesuai harapan,0
tempatnya kasar tidak sesuai harapan,0
buruknya pelayanannya mahal tidak sebanding zonk,0
untungnya desainnya luar biasa produknya enak sekali suka sekali,1
asyiknya tempatnya sangat membantu akan langganan,1
sayang sekali makanannya error terus zonk,0
buruknya barangnya membosankan tidak rekomen,0
sayangnya produknya cacat,0
senang sekali filmnya enak sekali desainnya sesuai ekspektasi bakal beli lagi,1
masalahnya produknya lemot tidak rekomen,0
alhamdulillah respon sellernya cepat puas banget,1
alhamdulillah aplikasinya ramah tempatnya mantap puas banget,1
untungnya harganya bagus banget makanannya recommended the best,1
buruknya pengirimannya kasar aplikasinya murahan kapok beli di sini,0
puas karena aplikasinya sesuai ekspektasi packingnya rapi puas banget,1
masalahnya filmnya rusak kapok beli di sini,0
alhamdulillah packingnya sesuai ekspektasi tempatnya worth it lanjutkan,1
filmnya luar biasa the best,1
mantapnya respon sellernya joss suka sekali,1
sayang sekali pengirimannya membosankan bikin kesal,0
kecewa karena respon sellernya mahal tidak sebanding pelayanan perlu diperbaiki,0
untungnya rasanya cepat kualitasnya oke punya akan langganan,1
pelayanannya tidak ramah pelayanan perlu diperbaiki,0
mantapnya produknya luar biasa harganya enak sekali the best,1
buruknya produknya jelek banget kapok beli di sini,0
mantapnya produknya berkualitas kualitasnya memuaskan suka sekali,1
masalahnya packingnya membosankan minta refund,0
untungnya fiturnya cepat the best,1
sayang sekali fiturnya rusak makanannya lambat sangat kecewa,0
sayangnya filmnya kasar fiturnya mahal tidak sebanding menyesal sekali,0
alhamdulillah rasanya ramah packingnya sesuai ekspektasi tidak menyesal beli,1
makanannya berantakan aplikasinya tidak sesuai sangat mengecewakan,0
untungnya kualitasnya enak sekali five stars,1
mantapnya produknya memuaskan desainnya mantap suka sekali,1
sayang sekali fiturnya parah zonk,0
senang sekali barangnya worth it produknya melebihi harapan tidak menyesal beli,1
sayangnya aplikasinya lemot harganya tidak sesuai pelayanan perlu diperbaiki,0
sayangnya desainnya lambat kapok beli di sini,0
masalahnya pelayanannya murahan respon sellernya membosankan buang buang uang,0
pelayanannya berantakan fiturnya parah buang buang uang,0
sayangnya respon sellernya membosankan barangnya hambar minta refund,0
untungnya rasanya luar biasa desainnya rapi puas banget,1
masalahnya desainnya buruk harganya tidak sesuai menyesal sekali,0
senang sekali rasanya top markotop puas banget,1
masalahnya pelayanannya hambar respon sellernya membosankan sangat mengecewakan,0
kecewa karena barangnya mahal tidak sebanding kapok beli di sini,0
sayang sekali packingnya lemot buang buang uang,0
untungnya respon sellernya oke punya filmnya cepat,1
sayang sekali harganya buruk rasanya murahan sangat mengecewakan,0
sayangnya pelayanannya buruk kapok beli di sini,0
respon sellernya hambar aplikasinya menyebalkan menyesal sekali,0
masalahnya makanannya menyebalkan produknya murahan,0
mantapnya packingnya bagus banget barangnya mantap sangat direkomendasikan,1
senang sekali filmnya top markotop suka sekali,1
mantapnya kualitasnya worth it barangnya oke punya sangat direkomendasikan,1
senang sekali harganya mantap lanjutkan,1
packingnya buruk harganya lama banget,0
asyiknya respon sellernya bagus banget desainnya oke punya tidak menyesal beli,1
packingnya tidak sesuai zonk,0
puas karena produknya worth it terima kasih banyak,1
aplikasinya luar biasa respon sellernya sesuai ekspektasi semoga makin sukses,1
asyiknya pelayanannya bagus banget five stars,1
buruknya makanannya hambar barangnya mahal tidak sebanding tidak rekomen,0
untungnya kualitasnya recommended pengirimannya recommended suka sekali,1
alhamdulillah makanannya mantap pelayanannya bagus banget,1
kecewa karena kualitasnya mahal tidak sebanding pelayanannya tidak original jangan beli,0
buruknya respon sellernya tidak original rasanya tidak ramah tidak sesuai harapan,0
parahnya aplikasinya jelek banget tidak rekomen,0
packingnya membosankan produknya membosankan kapok beli di sini,0
